2026-05-28T17:39:15.012  <Info> phidget22 : 
	******************************  Logging Enabled  ******************************
	* Phidget22 - Version 1.22 - Built Sep 29 2025 12:39:17                       *
	* Release 1.22.20250714 - Linux (64-bit)                                      *
	*******************************************************************************
2026-05-28T17:39:15.012  <Info> phidget22usb[PhidgetUSBScanDevices()] : Initializing libusb
2026-05-28T17:39:15.017  <Info> phidget22usb[PhidgetUSBScanDevices()] : New Phidget found in PhidgetUSBBuildList: 1/6
2026-05-28T17:39:15.022  <Info> phidget22[deviceAttach()] : (Attach) 1046 (PhidgetBridge 4-Input) v102 S/N:588716
2026-05-28T17:39:15.022  <Info> phidget22usb[PhidgetUSBScanDevices()] : New Phidget found in PhidgetUSBBuildList: 1/5
2026-05-28T17:39:15.027  <Info> phidget22[deviceAttach()] : (Attach) 1046 (PhidgetBridge 4-Input) v102 S/N:582396
2026-05-28T17:39:15.027  <Info> phidget22usb[PhidgetUSBScanDevices()] : New Phidget found in PhidgetUSBBuildList: 1/4
2026-05-28T17:39:15.031  <Info> phidget22[deviceAttach()] : (Attach) 1046 (PhidgetBridge 4-Input) v102 S/N:588795
2026-05-28T17:39:15.032  <Info> phidget22usb[getReportLengths()] : Using Control Endpoint for Host->Device communication.
2026-05-28T17:39:15.033  <Info> phidget22[HandleEventsThreadFunction()] : Failed to increase priority of USB Handle Events thread: 0x01 - Operation not permitted
2026-05-28T17:39:15.033  <Info> phidget22[PhidgetUSBReadThreadFunction()] : 1046 (PhidgetBridge 4-Input) v102 S/N:588716: USB read thread started: 0x1d16ee80
2026-05-28T17:39:16.334  <Info> phidget22usb[getReportLengths()] : Using Control Endpoint for Host->Device communication.
2026-05-28T17:39:16.336  <Info> phidget22[PhidgetUSBReadThreadFunction()] : 1046 (PhidgetBridge 4-Input) v102 S/N:582396: USB read thread started: 0x1c53ee80
2026-05-28T17:39:17.639  <Info> phidget22usb[getReportLengths()] : Using Control Endpoint for Host->Device communication.
2026-05-28T17:39:17.641  <Info> phidget22[PhidgetUSBReadThreadFunction()] : 1046 (PhidgetBridge 4-Input) v102 S/N:588795: USB read thread started: 0xfbffee80
2026-05-28T17:39:19.454  <Info> phidget22[PhidgetUSBReadThreadFunction()] : 1046 (PhidgetBridge 4-Input) v102 S/N:588795: ReadThread exiting normally (signaled by Phidget_close)
2026-05-28T17:39:19.462  <Info> phidget22[PhidgetUSBReadThreadFunction()] : 1046 (PhidgetBridge 4-Input) v102 S/N:582396: ReadThread exiting normally (signaled by Phidget_close)
2026-05-28T17:39:19.470  <Info> phidget22[PhidgetUSBReadThreadFunction()] : 1046 (PhidgetBridge 4-Input) v102 S/N:588716: ReadThread exiting normally (signaled by Phidget_close)
2026-05-28T17:39:20.011  <Info> phidget22 : 
	******************************  Logging Enabled  ******************************
	* Phidget22 - Version 1.22 - Built Sep 29 2025 12:39:17                       *
	* Release 1.22.20250714 - Linux (64-bit)                                      *
	*******************************************************************************
2026-05-28T17:39:20.011  <Info> phidget22usb[PhidgetUSBScanDevices()] : Initializing libusb
2026-05-28T17:39:20.019  <Info> phidget22usb[PhidgetUSBScanDevices()] : New Phidget found in PhidgetUSBBuildList: 1/6
2026-05-28T17:39:20.024  <Info> phidget22[deviceAttach()] : (Attach) 1046 (PhidgetBridge 4-Input) v102 S/N:588716
2026-05-28T17:39:20.024  <Info> phidget22usb[PhidgetUSBScanDevices()] : New Phidget found in PhidgetUSBBuildList: 1/5
2026-05-28T17:39:20.029  <Info> phidget22[deviceAttach()] : (Attach) 1046 (PhidgetBridge 4-Input) v102 S/N:582396
2026-05-28T17:39:20.029  <Info> phidget22usb[PhidgetUSBScanDevices()] : New Phidget found in PhidgetUSBBuildList: 1/4
2026-05-28T17:39:20.033  <Info> phidget22[deviceAttach()] : (Attach) 1046 (PhidgetBridge 4-Input) v102 S/N:588795
2026-05-28T17:39:20.034  <Info> phidget22usb[getReportLengths()] : Using Control Endpoint for Host->Device communication.
2026-05-28T17:39:20.035  <Info> phidget22[HandleEventsThreadFunction()] : Failed to increase priority of USB Handle Events thread: 0x01 - Operation not permitted
2026-05-28T17:39:20.036  <Info> phidget22[PhidgetUSBReadThreadFunction()] : 1046 (PhidgetBridge 4-Input) v102 S/N:588716: USB read thread started: 0x17ffee80
2026-05-28T17:39:21.343  <Info> phidget22usb[getReportLengths()] : Using Control Endpoint for Host->Device communication.
2026-05-28T17:39:21.344  <Info> phidget22[PhidgetUSBReadThreadFunction()] : 1046 (PhidgetBridge 4-Input) v102 S/N:582396: USB read thread started: 0x2dddee80
2026-05-28T17:39:22.655  <Info> phidget22usb[getReportLengths()] : Using Control Endpoint for Host->Device communication.
2026-05-28T17:39:22.657  <Info> phidget22[PhidgetUSBReadThreadFunction()] : 1046 (PhidgetBridge 4-Input) v102 S/N:588795: USB read thread started: 0x173cee80
2026-05-28T17:39:39.327  <Info> phidget22[PhidgetUSBReadThreadFunction()] : 1046 (PhidgetBridge 4-Input) v102 S/N:588795: ReadThread exiting normally (signaled by Phidget_close)
2026-05-28T17:39:39.335  <Info> phidget22[PhidgetUSBReadThreadFunction()] : 1046 (PhidgetBridge 4-Input) v102 S/N:582396: ReadThread exiting normally (signaled by Phidget_close)
2026-05-28T17:39:39.343  <Info> phidget22[PhidgetUSBReadThreadFunction()] : 1046 (PhidgetBridge 4-Input) v102 S/N:588716: ReadThread exiting normally (signaled by Phidget_close)
2026-05-28T17:39:40.021  <Info> phidget22 : 
	******************************  Logging Enabled  ******************************
	* Phidget22 - Version 1.22 - Built Sep 29 2025 12:39:17                       *
	* Release 1.22.20250714 - Linux (64-bit)                                      *
	*******************************************************************************
2026-05-28T17:39:40.021  <Info> phidget22usb[PhidgetUSBScanDevices()] : Initializing libusb
2026-05-28T17:39:40.026  <Info> phidget22usb[PhidgetUSBScanDevices()] : New Phidget found in PhidgetUSBBuildList: 1/6
2026-05-28T17:39:40.031  <Info> phidget22[deviceAttach()] : (Attach) 1046 (PhidgetBridge 4-Input) v102 S/N:588716
2026-05-28T17:39:40.031  <Info> phidget22usb[PhidgetUSBScanDevices()] : New Phidget found in PhidgetUSBBuildList: 1/5
2026-05-28T17:39:40.036  <Info> phidget22[deviceAttach()] : (Attach) 1046 (PhidgetBridge 4-Input) v102 S/N:582396
2026-05-28T17:39:40.036  <Info> phidget22usb[PhidgetUSBScanDevices()] : New Phidget found in PhidgetUSBBuildList: 1/4
2026-05-28T17:39:40.041  <Info> phidget22[deviceAttach()] : (Attach) 1046 (PhidgetBridge 4-Input) v102 S/N:588795
2026-05-28T17:39:40.041  <Info> phidget22usb[getReportLengths()] : Using Control Endpoint for Host->Device communication.
2026-05-28T17:39:40.042  <Info> phidget22[HandleEventsThreadFunction()] : Failed to increase priority of USB Handle Events thread: 0x01 - Operation not permitted
2026-05-28T17:39:40.042  <Info> phidget22[PhidgetUSBReadThreadFunction()] : 1046 (PhidgetBridge 4-Input) v102 S/N:588716: USB read thread started: 0xa73dee80
2026-05-28T17:39:41.344  <Info> phidget22usb[getReportLengths()] : Using Control Endpoint for Host->Device communication.
2026-05-28T17:39:41.346  <Info> phidget22[PhidgetUSBReadThreadFunction()] : 1046 (PhidgetBridge 4-Input) v102 S/N:582396: USB read thread started: 0xb539ee80
2026-05-28T17:39:42.656  <Info> phidget22usb[getReportLengths()] : Using Control Endpoint for Host->Device communication.
2026-05-28T17:39:42.658  <Info> phidget22[PhidgetUSBReadThreadFunction()] : 1046 (PhidgetBridge 4-Input) v102 S/N:588795: USB read thread started: 0xa639ee80
2026-05-28T17:50:06.300  <Info> phidget22[PhidgetUSBReadThreadFunction()] : 1046 (PhidgetBridge 4-Input) v102 S/N:588795: ReadThread exiting normally (signaled by Phidget_close)
2026-05-28T17:50:06.307  <Info> phidget22[PhidgetUSBReadThreadFunction()] : 1046 (PhidgetBridge 4-Input) v102 S/N:582396: ReadThread exiting normally (signaled by Phidget_close)
2026-05-28T17:50:06.315  <Info> phidget22[PhidgetUSBReadThreadFunction()] : 1046 (PhidgetBridge 4-Input) v102 S/N:588716: ReadThread exiting normally (signaled by Phidget_close)
2026-05-28T17:50:07.247  <Info> phidget22 : 
	******************************  Logging Enabled  ******************************
	* Phidget22 - Version 1.22 - Built Sep 29 2025 12:39:17                       *
	* Release 1.22.20250714 - Linux (64-bit)                                      *
	*******************************************************************************
2026-05-28T17:50:07.247  <Info> phidget22usb[PhidgetUSBScanDevices()] : Initializing libusb
2026-05-28T17:50:07.252  <Info> phidget22usb[PhidgetUSBScanDevices()] : New Phidget found in PhidgetUSBBuildList: 1/6
2026-05-28T17:50:07.257  <Info> phidget22[deviceAttach()] : (Attach) 1046 (PhidgetBridge 4-Input) v102 S/N:588716
2026-05-28T17:50:07.257  <Info> phidget22usb[PhidgetUSBScanDevices()] : New Phidget found in PhidgetUSBBuildList: 1/5
2026-05-28T17:50:07.262  <Info> phidget22[deviceAttach()] : (Attach) 1046 (PhidgetBridge 4-Input) v102 S/N:582396
2026-05-28T17:50:07.262  <Info> phidget22usb[PhidgetUSBScanDevices()] : New Phidget found in PhidgetUSBBuildList: 1/4
2026-05-28T17:50:07.266  <Info> phidget22[deviceAttach()] : (Attach) 1046 (PhidgetBridge 4-Input) v102 S/N:588795
2026-05-28T17:50:07.266  <Info> phidget22usb[getReportLengths()] : Using Control Endpoint for Host->Device communication.
2026-05-28T17:50:07.268  <Info> phidget22[HandleEventsThreadFunction()] : Failed to increase priority of USB Handle Events thread: 0x01 - Operation not permitted
2026-05-28T17:50:07.268  <Info> phidget22[PhidgetUSBReadThreadFunction()] : 1046 (PhidgetBridge 4-Input) v102 S/N:588716: USB read thread started: 0x1bbeee80
2026-05-28T17:50:08.580  <Info> phidget22usb[getReportLengths()] : Using Control Endpoint for Host->Device communication.
2026-05-28T17:50:08.582  <Info> phidget22[PhidgetUSBReadThreadFunction()] : 1046 (PhidgetBridge 4-Input) v102 S/N:582396: USB read thread started: 0x1afbee80
2026-05-28T17:50:09.893  <Info> phidget22usb[getReportLengths()] : Using Control Endpoint for Host->Device communication.
2026-05-28T17:50:09.894  <Info> phidget22[PhidgetUSBReadThreadFunction()] : 1046 (PhidgetBridge 4-Input) v102 S/N:588795: USB read thread started: 0x1abaee80
2026-05-28T17:50:51.886  <Info> phidget22[PhidgetUSBReadThreadFunction()] : 1046 (PhidgetBridge 4-Input) v102 S/N:588795: ReadThread exiting normally (signaled by Phidget_close)
2026-05-28T17:50:51.894  <Info> phidget22[PhidgetUSBReadThreadFunction()] : 1046 (PhidgetBridge 4-Input) v102 S/N:582396: ReadThread exiting normally (signaled by Phidget_close)
2026-05-28T17:50:51.902  <Info> phidget22[PhidgetUSBReadThreadFunction()] : 1046 (PhidgetBridge 4-Input) v102 S/N:588716: ReadThread exiting normally (signaled by Phidget_close)
2026-05-28T17:50:52.271  <Info> phidget22 : 
	******************************  Logging Enabled  ******************************
	* Phidget22 - Version 1.22 - Built Sep 29 2025 12:39:17                       *
	* Release 1.22.20250714 - Linux (64-bit)                                      *
	*******************************************************************************
2026-05-28T17:50:52.271  <Info> phidget22usb[PhidgetUSBScanDevices()] : Initializing libusb
2026-05-28T17:50:52.279  <Info> phidget22usb[PhidgetUSBScanDevices()] : New Phidget found in PhidgetUSBBuildList: 1/6
2026-05-28T17:50:52.284  <Info> phidget22[deviceAttach()] : (Attach) 1046 (PhidgetBridge 4-Input) v102 S/N:588716
2026-05-28T17:50:52.284  <Info> phidget22usb[PhidgetUSBScanDevices()] : New Phidget found in PhidgetUSBBuildList: 1/5
2026-05-28T17:50:52.289  <Info> phidget22[deviceAttach()] : (Attach) 1046 (PhidgetBridge 4-Input) v102 S/N:582396
2026-05-28T17:50:52.289  <Info> phidget22usb[PhidgetUSBScanDevices()] : New Phidget found in PhidgetUSBBuildList: 1/4
2026-05-28T17:50:52.293  <Info> phidget22[deviceAttach()] : (Attach) 1046 (PhidgetBridge 4-Input) v102 S/N:588795
2026-05-28T17:50:52.293  <Info> phidget22usb[getReportLengths()] : Using Control Endpoint for Host->Device communication.
2026-05-28T17:50:52.295  <Info> phidget22[HandleEventsThreadFunction()] : Failed to increase priority of USB Handle Events thread: 0x01 - Operation not permitted
2026-05-28T17:50:52.296  <Info> phidget22[PhidgetUSBReadThreadFunction()] : 1046 (PhidgetBridge 4-Input) v102 S/N:588716: USB read thread started: 0x8592ee80
2026-05-28T17:50:53.671  <Info> phidget22usb[getReportLengths()] : Using Control Endpoint for Host->Device communication.
2026-05-28T17:50:53.672  <Info> phidget22[PhidgetUSBReadThreadFunction()] : 1046 (PhidgetBridge 4-Input) v102 S/N:582396: USB read thread started: 0x84cfee80
2026-05-28T17:50:54.975  <Info> phidget22usb[getReportLengths()] : Using Control Endpoint for Host->Device communication.
2026-05-28T17:50:54.976  <Info> phidget22[PhidgetUSBReadThreadFunction()] : 1046 (PhidgetBridge 4-Input) v102 S/N:588795: USB read thread started: 0x848eee80
2026-05-28T18:03:18.916  <Warn> phidget22[insertDispatchEntry()] : PhidgetVoltageRatioInput: dropping dispatch as channel is not attached or detaching
2026-05-28T18:03:18.916  <Info> phidget22[clearPhidgetDispatchOut()] : cleared 0 packets
2026-05-28T18:03:18.919  <Info> phidget22[PhidgetUSBReadThreadFunction()] : 1046 (PhidgetBridge 4-Input) v102 S/N:588795: ReadThread exiting normally (signaled by Phidget_close)
2026-05-28T18:03:18.928  <Info> phidget22[PhidgetUSBReadThreadFunction()] : 1046 (PhidgetBridge 4-Input) v102 S/N:582396: ReadThread exiting normally (signaled by Phidget_close)
2026-05-28T18:03:18.936  <Info> phidget22[PhidgetUSBReadThreadFunction()] : 1046 (PhidgetBridge 4-Input) v102 S/N:588716: ReadThread exiting normally (signaled by Phidget_close)
2026-05-28T18:03:19.529  <Info> phidget22 : 
	******************************  Logging Enabled  ******************************
	* Phidget22 - Version 1.22 - Built Sep 29 2025 12:39:17                       *
	* Release 1.22.20250714 - Linux (64-bit)                                      *
	*******************************************************************************
2026-05-28T18:03:19.529  <Info> phidget22usb[PhidgetUSBScanDevices()] : Initializing libusb
2026-05-28T18:03:19.535  <Info> phidget22usb[PhidgetUSBScanDevices()] : New Phidget found in PhidgetUSBBuildList: 1/6
2026-05-28T18:03:19.539  <Info> phidget22[deviceAttach()] : (Attach) 1046 (PhidgetBridge 4-Input) v102 S/N:588716
2026-05-28T18:03:19.539  <Info> phidget22usb[PhidgetUSBScanDevices()] : New Phidget found in PhidgetUSBBuildList: 1/5
2026-05-28T18:03:19.544  <Info> phidget22[deviceAttach()] : (Attach) 1046 (PhidgetBridge 4-Input) v102 S/N:582396
2026-05-28T18:03:19.544  <Info> phidget22usb[PhidgetUSBScanDevices()] : New Phidget found in PhidgetUSBBuildList: 1/4
2026-05-28T18:03:19.549  <Info> phidget22[deviceAttach()] : (Attach) 1046 (PhidgetBridge 4-Input) v102 S/N:588795
2026-05-28T18:03:19.549  <Info> phidget22usb[getReportLengths()] : Using Control Endpoint for Host->Device communication.
2026-05-28T18:03:19.551  <Info> phidget22[HandleEventsThreadFunction()] : Failed to increase priority of USB Handle Events thread: 0x01 - Operation not permitted
2026-05-28T18:03:19.551  <Info> phidget22[PhidgetUSBReadThreadFunction()] : 1046 (PhidgetBridge 4-Input) v102 S/N:588716: USB read thread started: 0x6604ee80
2026-05-28T18:03:20.849  <Info> phidget22usb[getReportLengths()] : Using Control Endpoint for Host->Device communication.
2026-05-28T18:03:20.851  <Info> phidget22[PhidgetUSBReadThreadFunction()] : 1046 (PhidgetBridge 4-Input) v102 S/N:582396: USB read thread started: 0x67c9ee80
2026-05-28T18:03:21.945  <Info> phidget22usb[getReportLengths()] : Using Control Endpoint for Host->Device communication.
2026-05-28T18:03:21.947  <Info> phidget22[PhidgetUSBReadThreadFunction()] : 1046 (PhidgetBridge 4-Input) v102 S/N:588795: USB read thread started: 0x6541ee80
2026-05-29T11:18:27.272  <Info> phidget22[PhidgetUSBReadThreadFunction()] : 1046 (PhidgetBridge 4-Input) v102 S/N:588795: ReadThread exiting normally (signaled by Phidget_close)
2026-05-29T11:18:27.280  <Info> phidget22[PhidgetUSBReadThreadFunction()] : 1046 (PhidgetBridge 4-Input) v102 S/N:582396: ReadThread exiting normally (signaled by Phidget_close)
2026-05-29T11:18:27.288  <Info> phidget22[PhidgetUSBReadThreadFunction()] : 1046 (PhidgetBridge 4-Input) v102 S/N:588716: ReadThread exiting normally (signaled by Phidget_close)
2026-05-29T12:02:32.688  <Info> phidget22 : 
	******************************  Logging Enabled  ******************************
	* Phidget22 - Version 1.22 - Built Sep 29 2025 12:39:17                       *
	* Release 1.22.20250714 - Linux (64-bit)                                      *
	*******************************************************************************
2026-05-29T12:02:32.688  <Info> phidget22usb[PhidgetUSBScanDevices()] : Initializing libusb
2026-05-29T12:02:32.693  <Info> phidget22usb[PhidgetUSBScanDevices()] : New Phidget found in PhidgetUSBBuildList: 1/6
2026-05-29T12:02:32.698  <Info> phidget22[deviceAttach()] : (Attach) 1046 (PhidgetBridge 4-Input) v102 S/N:588716
2026-05-29T12:02:32.698  <Info> phidget22usb[PhidgetUSBScanDevices()] : New Phidget found in PhidgetUSBBuildList: 1/5
2026-05-29T12:02:32.703  <Info> phidget22[deviceAttach()] : (Attach) 1046 (PhidgetBridge 4-Input) v102 S/N:582396
2026-05-29T12:02:32.703  <Info> phidget22usb[PhidgetUSBScanDevices()] : New Phidget found in PhidgetUSBBuildList: 1/4
2026-05-29T12:02:32.707  <Info> phidget22[deviceAttach()] : (Attach) 1046 (PhidgetBridge 4-Input) v102 S/N:588795
2026-05-29T12:02:32.707  <Info> phidget22usb[getReportLengths()] : Using Control Endpoint for Host->Device communication.
2026-05-29T12:02:32.709  <Info> phidget22[HandleEventsThreadFunction()] : Failed to increase priority of USB Handle Events thread: 0x01 - Operation not permitted
2026-05-29T12:02:32.709  <Info> phidget22[PhidgetUSBReadThreadFunction()] : 1046 (PhidgetBridge 4-Input) v102 S/N:588716: USB read thread started: 0xf8e9ee80
2026-05-29T12:02:34.011  <Info> phidget22usb[getReportLengths()] : Using Control Endpoint for Host->Device communication.
2026-05-29T12:02:34.013  <Info> phidget22[PhidgetUSBReadThreadFunction()] : 1046 (PhidgetBridge 4-Input) v102 S/N:582396: USB read thread started: 0xd7ffee80
2026-05-29T12:02:35.331  <Info> phidget22usb[getReportLengths()] : Using Control Endpoint for Host->Device communication.
2026-05-29T12:02:35.333  <Info> phidget22[PhidgetUSBReadThreadFunction()] : 1046 (PhidgetBridge 4-Input) v102 S/N:588795: USB read thread started: 0xd7beee80
2026-05-29T12:15:08.285  <Info> phidget22[PhidgetUSBReadThreadFunction()] : 1046 (PhidgetBridge 4-Input) v102 S/N:588795: ReadThread exiting normally (signaled by Phidget_close)
2026-05-29T12:15:08.293  <Info> phidget22[PhidgetUSBReadThreadFunction()] : 1046 (PhidgetBridge 4-Input) v102 S/N:582396: ReadThread exiting normally (signaled by Phidget_close)
2026-05-29T12:15:08.301  <Info> phidget22[PhidgetUSBReadThreadFunction()] : 1046 (PhidgetBridge 4-Input) v102 S/N:588716: ReadThread exiting normally (signaled by Phidget_close)
2026-05-29T12:15:31.352  <Info> phidget22 : 
	******************************  Logging Enabled  ******************************
	* Phidget22 - Version 1.22 - Built Sep 29 2025 12:39:17                       *
	* Release 1.22.20250714 - Linux (64-bit)                                      *
	*******************************************************************************
2026-05-29T12:15:31.352  <Info> phidget22usb[PhidgetUSBScanDevices()] : Initializing libusb
2026-05-29T12:15:31.358  <Info> phidget22usb[PhidgetUSBScanDevices()] : New Phidget found in PhidgetUSBBuildList: 1/6
2026-05-29T12:15:31.363  <Info> phidget22[deviceAttach()] : (Attach) 1046 (PhidgetBridge 4-Input) v102 S/N:588716
2026-05-29T12:15:31.363  <Info> phidget22usb[PhidgetUSBScanDevices()] : New Phidget found in PhidgetUSBBuildList: 1/5
2026-05-29T12:15:31.368  <Info> phidget22[deviceAttach()] : (Attach) 1046 (PhidgetBridge 4-Input) v102 S/N:582396
2026-05-29T12:15:31.368  <Info> phidget22usb[PhidgetUSBScanDevices()] : New Phidget found in PhidgetUSBBuildList: 1/4
2026-05-29T12:15:31.373  <Info> phidget22[deviceAttach()] : (Attach) 1046 (PhidgetBridge 4-Input) v102 S/N:588795
2026-05-29T12:15:31.373  <Info> phidget22usb[getReportLengths()] : Using Control Endpoint for Host->Device communication.
2026-05-29T12:15:31.375  <Info> phidget22[HandleEventsThreadFunction()] : Failed to increase priority of USB Handle Events thread: 0x01 - Operation not permitted
2026-05-29T12:15:31.375  <Info> phidget22[PhidgetUSBReadThreadFunction()] : 1046 (PhidgetBridge 4-Input) v102 S/N:588716: USB read thread started: 0x1b3dee80
2026-05-29T12:15:32.679  <Info> phidget22usb[getReportLengths()] : Using Control Endpoint for Host->Device communication.
2026-05-29T12:15:32.681  <Info> phidget22[PhidgetUSBReadThreadFunction()] : 1046 (PhidgetBridge 4-Input) v102 S/N:582396: USB read thread started: 0x2919ee80
2026-05-29T12:15:33.991  <Info> phidget22usb[getReportLengths()] : Using Control Endpoint for Host->Device communication.
2026-05-29T12:15:33.993  <Info> phidget22[PhidgetUSBReadThreadFunction()] : 1046 (PhidgetBridge 4-Input) v102 S/N:588795: USB read thread started: 0x1a7aee80
2026-05-29T12:16:29.496  <Info> phidget22[PhidgetUSBReadThreadFunction()] : 1046 (PhidgetBridge 4-Input) v102 S/N:588795: ReadThread exiting normally (signaled by Phidget_close)
2026-05-29T12:16:29.504  <Info> phidget22[PhidgetUSBReadThreadFunction()] : 1046 (PhidgetBridge 4-Input) v102 S/N:582396: ReadThread exiting normally (signaled by Phidget_close)
2026-05-29T12:16:29.512  <Info> phidget22[PhidgetUSBReadThreadFunction()] : 1046 (PhidgetBridge 4-Input) v102 S/N:588716: ReadThread exiting normally (signaled by Phidget_close)
2026-05-29T12:16:42.871  <Info> phidget22 : 
	******************************  Logging Enabled  ******************************
	* Phidget22 - Version 1.22 - Built Sep 29 2025 12:39:17                       *
	* Release 1.22.20250714 - Linux (64-bit)                                      *
	*******************************************************************************
2026-05-29T12:16:42.872  <Info> phidget22usb[PhidgetUSBScanDevices()] : Initializing libusb
2026-05-29T12:16:42.878  <Info> phidget22usb[PhidgetUSBScanDevices()] : New Phidget found in PhidgetUSBBuildList: 1/6
2026-05-29T12:16:42.883  <Info> phidget22[deviceAttach()] : (Attach) 1046 (PhidgetBridge 4-Input) v102 S/N:588716
2026-05-29T12:16:42.883  <Info> phidget22usb[PhidgetUSBScanDevices()] : New Phidget found in PhidgetUSBBuildList: 1/5
2026-05-29T12:16:42.888  <Info> phidget22[deviceAttach()] : (Attach) 1046 (PhidgetBridge 4-Input) v102 S/N:582396
2026-05-29T12:16:42.888  <Info> phidget22usb[PhidgetUSBScanDevices()] : New Phidget found in PhidgetUSBBuildList: 1/4
2026-05-29T12:16:42.893  <Info> phidget22[deviceAttach()] : (Attach) 1046 (PhidgetBridge 4-Input) v102 S/N:588795
2026-05-29T12:16:42.893  <Info> phidget22usb[getReportLengths()] : Using Control Endpoint for Host->Device communication.
2026-05-29T12:16:42.895  <Info> phidget22[HandleEventsThreadFunction()] : Failed to increase priority of USB Handle Events thread: 0x01 - Operation not permitted
2026-05-29T12:16:42.895  <Info> phidget22[PhidgetUSBReadThreadFunction()] : 1046 (PhidgetBridge 4-Input) v102 S/N:588716: USB read thread started: 0x18bbee80
2026-05-29T12:16:44.194  <Info> phidget22usb[getReportLengths()] : Using Control Endpoint for Host->Device communication.
2026-05-29T12:16:44.196  <Info> phidget22[PhidgetUSBReadThreadFunction()] : 1046 (PhidgetBridge 4-Input) v102 S/N:582396: USB read thread started: 0xfbbeee80
2026-05-29T12:16:45.290  <Info> phidget22usb[getReportLengths()] : Using Control Endpoint for Host->Device communication.
2026-05-29T12:16:45.292  <Info> phidget22[PhidgetUSBReadThreadFunction()] : 1046 (PhidgetBridge 4-Input) v102 S/N:588795: USB read thread started: 0xfb7dee80
2026-05-29T12:22:55.666  <Info> phidget22[PhidgetUSBReadThreadFunction()] : 1046 (PhidgetBridge 4-Input) v102 S/N:588795: ReadThread exiting normally (signaled by Phidget_close)
2026-05-29T12:22:55.674  <Info> phidget22[PhidgetUSBReadThreadFunction()] : 1046 (PhidgetBridge 4-Input) v102 S/N:582396: ReadThread exiting normally (signaled by Phidget_close)
2026-05-29T12:22:55.682  <Info> phidget22[PhidgetUSBReadThreadFunction()] : 1046 (PhidgetBridge 4-Input) v102 S/N:588716: ReadThread exiting normally (signaled by Phidget_close)
2026-05-29T12:23:59.490  <Info> phidget22 : 
	******************************  Logging Enabled  ******************************
	* Phidget22 - Version 1.22 - Built Sep 29 2025 12:39:17                       *
	* Release 1.22.20250714 - Linux (64-bit)                                      *
	*******************************************************************************
2026-05-29T12:23:59.491  <Info> phidget22usb[PhidgetUSBScanDevices()] : Initializing libusb
2026-05-29T12:23:59.496  <Info> phidget22usb[PhidgetUSBScanDevices()] : New Phidget found in PhidgetUSBBuildList: 1/6
2026-05-29T12:23:59.501  <Info> phidget22[deviceAttach()] : (Attach) 1046 (PhidgetBridge 4-Input) v102 S/N:588716
2026-05-29T12:23:59.501  <Info> phidget22usb[PhidgetUSBScanDevices()] : New Phidget found in PhidgetUSBBuildList: 1/5
2026-05-29T12:23:59.505  <Info> phidget22[deviceAttach()] : (Attach) 1046 (PhidgetBridge 4-Input) v102 S/N:582396
2026-05-29T12:23:59.505  <Info> phidget22usb[PhidgetUSBScanDevices()] : New Phidget found in PhidgetUSBBuildList: 1/4
2026-05-29T12:23:59.510  <Info> phidget22[deviceAttach()] : (Attach) 1046 (PhidgetBridge 4-Input) v102 S/N:588795
2026-05-29T12:23:59.510  <Info> phidget22usb[getReportLengths()] : Using Control Endpoint for Host->Device communication.
2026-05-29T12:23:59.512  <Info> phidget22[HandleEventsThreadFunction()] : Failed to increase priority of USB Handle Events thread: 0x01 - Operation not permitted
2026-05-29T12:23:59.512  <Info> phidget22[PhidgetUSBReadThreadFunction()] : 1046 (PhidgetBridge 4-Input) v102 S/N:588716: USB read thread started: 0x45b4ee80
2026-05-29T12:24:00.814  <Info> phidget22usb[getReportLengths()] : Using Control Endpoint for Host->Device communication.
2026-05-29T12:24:00.816  <Info> phidget22[PhidgetUSBReadThreadFunction()] : 1046 (PhidgetBridge 4-Input) v102 S/N:582396: USB read thread started: 0x4779ee80
2026-05-29T12:24:02.134  <Info> phidget22usb[getReportLengths()] : Using Control Endpoint for Host->Device communication.
2026-05-29T12:24:02.136  <Info> phidget22[PhidgetUSBReadThreadFunction()] : 1046 (PhidgetBridge 4-Input) v102 S/N:588795: USB read thread started: 0x44f1ee80
2026-05-29T12:25:15.297  <Info> phidget22[PhidgetUSBReadThreadFunction()] : 1046 (PhidgetBridge 4-Input) v102 S/N:588795: ReadThread exiting normally (signaled by Phidget_close)
2026-05-29T12:25:15.305  <Info> phidget22[PhidgetUSBReadThreadFunction()] : 1046 (PhidgetBridge 4-Input) v102 S/N:582396: ReadThread exiting normally (signaled by Phidget_close)
2026-05-29T12:25:15.313  <Info> phidget22[PhidgetUSBReadThreadFunction()] : 1046 (PhidgetBridge 4-Input) v102 S/N:588716: ReadThread exiting normally (signaled by Phidget_close)
2026-05-29T12:25:24.457  <Info> phidget22 : 
	******************************  Logging Enabled  ******************************
	* Phidget22 - Version 1.22 - Built Sep 29 2025 12:39:17                       *
	* Release 1.22.20250714 - Linux (64-bit)                                      *
	*******************************************************************************
2026-05-29T12:25:24.458  <Info> phidget22usb[PhidgetUSBScanDevices()] : Initializing libusb
2026-05-29T12:25:24.463  <Info> phidget22usb[PhidgetUSBScanDevices()] : New Phidget found in PhidgetUSBBuildList: 1/6
2026-05-29T12:25:24.468  <Info> phidget22[deviceAttach()] : (Attach) 1046 (PhidgetBridge 4-Input) v102 S/N:588716
2026-05-29T12:25:24.468  <Info> phidget22usb[PhidgetUSBScanDevices()] : New Phidget found in PhidgetUSBBuildList: 1/5
2026-05-29T12:25:24.473  <Info> phidget22[deviceAttach()] : (Attach) 1046 (PhidgetBridge 4-Input) v102 S/N:582396
2026-05-29T12:25:24.473  <Info> phidget22usb[PhidgetUSBScanDevices()] : New Phidget found in PhidgetUSBBuildList: 1/4
2026-05-29T12:25:24.478  <Info> phidget22[deviceAttach()] : (Attach) 1046 (PhidgetBridge 4-Input) v102 S/N:588795
2026-05-29T12:25:24.478  <Info> phidget22usb[getReportLengths()] : Using Control Endpoint for Host->Device communication.
2026-05-29T12:25:24.479  <Info> phidget22[HandleEventsThreadFunction()] : Failed to increase priority of USB Handle Events thread: 0x01 - Operation not permitted
2026-05-29T12:25:24.480  <Info> phidget22[PhidgetUSBReadThreadFunction()] : 1046 (PhidgetBridge 4-Input) v102 S/N:588716: USB read thread started: 0xe27bee80
2026-05-29T12:25:25.786  <Info> phidget22usb[getReportLengths()] : Using Control Endpoint for Host->Device communication.
2026-05-29T12:25:25.788  <Info> phidget22[PhidgetUSBReadThreadFunction()] : 1046 (PhidgetBridge 4-Input) v102 S/N:582396: USB read thread started: 0xe3ffee80
2026-05-29T12:25:27.090  <Info> phidget22usb[getReportLengths()] : Using Control Endpoint for Host->Device communication.
2026-05-29T12:25:27.092  <Info> phidget22[PhidgetUSBReadThreadFunction()] : 1046 (PhidgetBridge 4-Input) v102 S/N:588795: USB read thread started: 0xe177ee80
2026-05-29T12:25:39.514  <Info> phidget22[PhidgetUSBReadThreadFunction()] : 1046 (PhidgetBridge 4-Input) v102 S/N:588795: ReadThread exiting normally (signaled by Phidget_close)
2026-05-29T12:25:39.522  <Info> phidget22[PhidgetUSBReadThreadFunction()] : 1046 (PhidgetBridge 4-Input) v102 S/N:582396: ReadThread exiting normally (signaled by Phidget_close)
2026-05-29T12:25:39.530  <Info> phidget22[PhidgetUSBReadThreadFunction()] : 1046 (PhidgetBridge 4-Input) v102 S/N:588716: ReadThread exiting normally (signaled by Phidget_close)
2026-05-29T12:26:36.940  <Info> phidget22 : 
	******************************  Logging Enabled  ******************************
	* Phidget22 - Version 1.22 - Built Sep 29 2025 12:39:17                       *
	* Release 1.22.20250714 - Linux (64-bit)                                      *
	*******************************************************************************
2026-05-29T12:26:36.941  <Info> phidget22usb[PhidgetUSBScanDevices()] : Initializing libusb
2026-05-29T12:26:36.946  <Info> phidget22usb[PhidgetUSBScanDevices()] : New Phidget found in PhidgetUSBBuildList: 1/6
2026-05-29T12:26:36.951  <Info> phidget22[deviceAttach()] : (Attach) 1046 (PhidgetBridge 4-Input) v102 S/N:588716
2026-05-29T12:26:36.951  <Info> phidget22usb[PhidgetUSBScanDevices()] : New Phidget found in PhidgetUSBBuildList: 1/5
2026-05-29T12:26:36.956  <Info> phidget22[deviceAttach()] : (Attach) 1046 (PhidgetBridge 4-Input) v102 S/N:582396
2026-05-29T12:26:36.956  <Info> phidget22usb[PhidgetUSBScanDevices()] : New Phidget found in PhidgetUSBBuildList: 1/4
2026-05-29T12:26:36.961  <Info> phidget22[deviceAttach()] : (Attach) 1046 (PhidgetBridge 4-Input) v102 S/N:588795
2026-05-29T12:26:36.961  <Info> phidget22usb[getReportLengths()] : Using Control Endpoint for Host->Device communication.
2026-05-29T12:26:36.967  <Info> phidget22[HandleEventsThreadFunction()] : Failed to increase priority of USB Handle Events thread: 0x01 - Operation not permitted
2026-05-29T12:26:36.967  <Info> phidget22[PhidgetUSBReadThreadFunction()] : 1046 (PhidgetBridge 4-Input) v102 S/N:588716: USB read thread started: 0xa1a3ee80
2026-05-29T12:26:38.269  <Info> phidget22usb[getReportLengths()] : Using Control Endpoint for Host->Device communication.
2026-05-29T12:26:38.271  <Info> phidget22[PhidgetUSBReadThreadFunction()] : 1046 (PhidgetBridge 4-Input) v102 S/N:582396: USB read thread started: 0xa368ee80
2026-05-29T12:26:39.573  <Info> phidget22usb[getReportLengths()] : Using Control Endpoint for Host->Device communication.
2026-05-29T12:26:39.576  <Info> phidget22[PhidgetUSBReadThreadFunction()] : 1046 (PhidgetBridge 4-Input) v102 S/N:588795: USB read thread started: 0xa09fee80
2026-05-29T12:26:46.733  <Info> phidget22[PhidgetUSBReadThreadFunction()] : 1046 (PhidgetBridge 4-Input) v102 S/N:588795: ReadThread exiting normally (signaled by Phidget_close)
2026-05-29T12:26:46.741  <Info> phidget22[PhidgetUSBReadThreadFunction()] : 1046 (PhidgetBridge 4-Input) v102 S/N:582396: ReadThread exiting normally (signaled by Phidget_close)
2026-05-29T12:26:46.749  <Info> phidget22[PhidgetUSBReadThreadFunction()] : 1046 (PhidgetBridge 4-Input) v102 S/N:588716: ReadThread exiting normally (signaled by Phidget_close)
2026-05-29T12:26:48.679  <Info> phidget22 : 
	******************************  Logging Enabled  ******************************
	* Phidget22 - Version 1.22 - Built Sep 29 2025 12:39:17                       *
	* Release 1.22.20250714 - Linux (64-bit)                                      *
	*******************************************************************************
2026-05-29T12:26:48.679  <Info> phidget22usb[PhidgetUSBScanDevices()] : Initializing libusb
2026-05-29T12:26:48.684  <Info> phidget22usb[PhidgetUSBScanDevices()] : New Phidget found in PhidgetUSBBuildList: 1/6
2026-05-29T12:26:48.689  <Info> phidget22[deviceAttach()] : (Attach) 1046 (PhidgetBridge 4-Input) v102 S/N:588716
2026-05-29T12:26:48.689  <Info> phidget22usb[PhidgetUSBScanDevices()] : New Phidget found in PhidgetUSBBuildList: 1/5
2026-05-29T12:26:48.694  <Info> phidget22[deviceAttach()] : (Attach) 1046 (PhidgetBridge 4-Input) v102 S/N:582396
2026-05-29T12:26:48.694  <Info> phidget22usb[PhidgetUSBScanDevices()] : New Phidget found in PhidgetUSBBuildList: 1/4
2026-05-29T12:26:48.699  <Info> phidget22[deviceAttach()] : (Attach) 1046 (PhidgetBridge 4-Input) v102 S/N:588795
2026-05-29T12:26:48.699  <Info> phidget22usb[getReportLengths()] : Using Control Endpoint for Host->Device communication.
2026-05-29T12:26:48.701  <Info> phidget22[HandleEventsThreadFunction()] : Failed to increase priority of USB Handle Events thread: 0x01 - Operation not permitted
2026-05-29T12:26:48.701  <Info> phidget22[PhidgetUSBReadThreadFunction()] : 1046 (PhidgetBridge 4-Input) v102 S/N:588716: USB read thread started: 0x4afcee80
2026-05-29T12:26:49.998  <Info> phidget22usb[getReportLengths()] : Using Control Endpoint for Host->Device communication.
2026-05-29T12:26:50.000  <Info> phidget22[PhidgetUSBReadThreadFunction()] : 1046 (PhidgetBridge 4-Input) v102 S/N:582396: USB read thread started: 0x58efee80
2026-05-29T12:26:51.310  <Info> phidget22usb[getReportLengths()] : Using Control Endpoint for Host->Device communication.
2026-05-29T12:26:51.312  <Info> phidget22[PhidgetUSBReadThreadFunction()] : 1046 (PhidgetBridge 4-Input) v102 S/N:588795: USB read thread started: 0x49f8ee80
2026-05-29T12:27:11.294  <Info> phidget22[PhidgetUSBReadThreadFunction()] : 1046 (PhidgetBridge 4-Input) v102 S/N:588795: ReadThread exiting normally (signaled by Phidget_close)
2026-05-29T12:27:11.302  <Info> phidget22[PhidgetUSBReadThreadFunction()] : 1046 (PhidgetBridge 4-Input) v102 S/N:582396: ReadThread exiting normally (signaled by Phidget_close)
2026-05-29T12:27:11.310  <Info> phidget22[PhidgetUSBReadThreadFunction()] : 1046 (PhidgetBridge 4-Input) v102 S/N:588716: ReadThread exiting normally (signaled by Phidget_close)
2026-05-29T12:34:10.365  <Info> phidget22 : 
	******************************  Logging Enabled  ******************************
	* Phidget22 - Version 1.22 - Built Sep 29 2025 12:39:17                       *
	* Release 1.22.20250714 - Linux (64-bit)                                      *
	*******************************************************************************
2026-05-29T12:34:10.366  <Info> phidget22usb[PhidgetUSBScanDevices()] : Initializing libusb
2026-05-29T12:34:10.372  <Info> phidget22usb[PhidgetUSBScanDevices()] : New Phidget found in PhidgetUSBBuildList: 1/6
2026-05-29T12:34:10.376  <Info> phidget22[deviceAttach()] : (Attach) 1046 (PhidgetBridge 4-Input) v102 S/N:588716
2026-05-29T12:34:10.376  <Info> phidget22usb[PhidgetUSBScanDevices()] : New Phidget found in PhidgetUSBBuildList: 1/5
2026-05-29T12:34:10.381  <Info> phidget22[deviceAttach()] : (Attach) 1046 (PhidgetBridge 4-Input) v102 S/N:582396
2026-05-29T12:34:10.381  <Info> phidget22usb[PhidgetUSBScanDevices()] : New Phidget found in PhidgetUSBBuildList: 1/4
2026-05-29T12:34:10.386  <Info> phidget22[deviceAttach()] : (Attach) 1046 (PhidgetBridge 4-Input) v102 S/N:588795
2026-05-29T12:34:10.386  <Info> phidget22usb[getReportLengths()] : Using Control Endpoint for Host->Device communication.
2026-05-29T12:34:10.388  <Info> phidget22[HandleEventsThreadFunction()] : Failed to increase priority of USB Handle Events thread: 0x01 - Operation not permitted
2026-05-29T12:34:10.389  <Info> phidget22[PhidgetUSBReadThreadFunction()] : 1046 (PhidgetBridge 4-Input) v102 S/N:588716: USB read thread started: 0x92bbee80
2026-05-29T12:34:11.698  <Info> phidget22usb[getReportLengths()] : Using Control Endpoint for Host->Device communication.
2026-05-29T12:34:11.700  <Info> phidget22[PhidgetUSBReadThreadFunction()] : 1046 (PhidgetBridge 4-Input) v102 S/N:582396: USB read thread started: 0x91f8ee80
2026-05-29T12:34:13.010  <Info> phidget22usb[getReportLengths()] : Using Control Endpoint for Host->Device communication.
2026-05-29T12:34:13.012  <Info> phidget22[PhidgetUSBReadThreadFunction()] : 1046 (PhidgetBridge 4-Input) v102 S/N:588795: USB read thread started: 0x91b7ee80
2026-05-29T12:42:05.535  <Info> phidget22[PhidgetUSBReadThreadFunction()] : 1046 (PhidgetBridge 4-Input) v102 S/N:588795: ReadThread exiting normally (signaled by Phidget_close)
2026-05-29T12:42:05.543  <Info> phidget22[PhidgetUSBReadThreadFunction()] : 1046 (PhidgetBridge 4-Input) v102 S/N:582396: ReadThread exiting normally (signaled by Phidget_close)
2026-05-29T12:42:05.551  <Info> phidget22[PhidgetUSBReadThreadFunction()] : 1046 (PhidgetBridge 4-Input) v102 S/N:588716: ReadThread exiting normally (signaled by Phidget_close)
2026-05-29T12:42:33.056  <Info> phidget22 : 
	******************************  Logging Enabled  ******************************
	* Phidget22 - Version 1.22 - Built Sep 29 2025 12:39:17                       *
	* Release 1.22.20250714 - Linux (64-bit)                                      *
	*******************************************************************************
2026-05-29T12:42:33.056  <Info> phidget22usb[PhidgetUSBScanDevices()] : Initializing libusb
2026-05-29T12:42:33.062  <Info> phidget22usb[PhidgetUSBScanDevices()] : New Phidget found in PhidgetUSBBuildList: 1/6
2026-05-29T12:42:33.066  <Info> phidget22[deviceAttach()] : (Attach) 1046 (PhidgetBridge 4-Input) v102 S/N:588716
2026-05-29T12:42:33.066  <Info> phidget22usb[PhidgetUSBScanDevices()] : New Phidget found in PhidgetUSBBuildList: 1/5
2026-05-29T12:42:33.071  <Info> phidget22[deviceAttach()] : (Attach) 1046 (PhidgetBridge 4-Input) v102 S/N:582396
2026-05-29T12:42:33.071  <Info> phidget22usb[PhidgetUSBScanDevices()] : New Phidget found in PhidgetUSBBuildList: 1/4
2026-05-29T12:42:33.076  <Info> phidget22[deviceAttach()] : (Attach) 1046 (PhidgetBridge 4-Input) v102 S/N:588795
2026-05-29T12:42:33.076  <Info> phidget22usb[getReportLengths()] : Using Control Endpoint for Host->Device communication.
2026-05-29T12:42:33.078  <Info> phidget22[HandleEventsThreadFunction()] : Failed to increase priority of USB Handle Events thread: 0x01 - Operation not permitted
2026-05-29T12:42:33.078  <Info> phidget22[PhidgetUSBReadThreadFunction()] : 1046 (PhidgetBridge 4-Input) v102 S/N:588716: USB read thread started: 0xf0a5ee80
2026-05-29T12:42:34.377  <Info> phidget22usb[getReportLengths()] : Using Control Endpoint for Host->Device communication.
2026-05-29T12:42:34.379  <Info> phidget22[PhidgetUSBReadThreadFunction()] : 1046 (PhidgetBridge 4-Input) v102 S/N:582396: USB read thread started: 0xd3beee80
2026-05-29T12:42:35.689  <Info> phidget22usb[getReportLengths()] : Using Control Endpoint for Host->Device communication.
2026-05-29T12:42:35.691  <Info> phidget22[PhidgetUSBReadThreadFunction()] : 1046 (PhidgetBridge 4-Input) v102 S/N:588795: USB read thread started: 0xd33cee80
2026-05-29T12:43:48.380  <Info> phidget22[PhidgetUSBReadThreadFunction()] : 1046 (PhidgetBridge 4-Input) v102 S/N:588795: ReadThread exiting normally (signaled by Phidget_close)
2026-05-29T12:43:48.388  <Info> phidget22[PhidgetUSBReadThreadFunction()] : 1046 (PhidgetBridge 4-Input) v102 S/N:582396: ReadThread exiting normally (signaled by Phidget_close)
2026-05-29T12:43:48.396  <Info> phidget22[PhidgetUSBReadThreadFunction()] : 1046 (PhidgetBridge 4-Input) v102 S/N:588716: ReadThread exiting normally (signaled by Phidget_close)
2026-05-29T13:16:47.752  <Info> phidget22 : 
	******************************  Logging Enabled  ******************************
	* Phidget22 - Version 1.22 - Built Sep 29 2025 12:39:17                       *
	* Release 1.22.20250714 - Linux (64-bit)                                      *
	*******************************************************************************
2026-05-29T13:16:47.753  <Info> phidget22usb[PhidgetUSBScanDevices()] : Initializing libusb
2026-05-29T13:16:47.759  <Info> phidget22usb[PhidgetUSBScanDevices()] : New Phidget found in PhidgetUSBBuildList: 1/6
2026-05-29T13:16:47.764  <Info> phidget22[deviceAttach()] : (Attach) 1046 (PhidgetBridge 4-Input) v102 S/N:588716
2026-05-29T13:16:47.764  <Info> phidget22usb[PhidgetUSBScanDevices()] : New Phidget found in PhidgetUSBBuildList: 1/5
2026-05-29T13:16:47.769  <Info> phidget22[deviceAttach()] : (Attach) 1046 (PhidgetBridge 4-Input) v102 S/N:582396
2026-05-29T13:16:47.769  <Info> phidget22usb[PhidgetUSBScanDevices()] : New Phidget found in PhidgetUSBBuildList: 1/4
2026-05-29T13:16:47.774  <Info> phidget22[deviceAttach()] : (Attach) 1046 (PhidgetBridge 4-Input) v102 S/N:588795
2026-05-29T13:16:47.774  <Info> phidget22usb[getReportLengths()] : Using Control Endpoint for Host->Device communication.
2026-05-29T13:16:47.776  <Info> phidget22[HandleEventsThreadFunction()] : Failed to increase priority of USB Handle Events thread: 0x01 - Operation not permitted
2026-05-29T13:16:47.776  <Info> phidget22[PhidgetUSBReadThreadFunction()] : 1046 (PhidgetBridge 4-Input) v102 S/N:588716: USB read thread started: 0xd2fcee80
2026-05-29T13:16:49.080  <Info> phidget22usb[getReportLengths()] : Using Control Endpoint for Host->Device communication.
2026-05-29T13:16:49.082  <Info> phidget22[PhidgetUSBReadThreadFunction()] : 1046 (PhidgetBridge 4-Input) v102 S/N:582396: USB read thread started: 0xd239ee80
2026-05-29T13:16:50.392  <Info> phidget22usb[getReportLengths()] : Using Control Endpoint for Host->Device communication.
2026-05-29T13:16:50.394  <Info> phidget22[PhidgetUSBReadThreadFunction()] : 1046 (PhidgetBridge 4-Input) v102 S/N:588795: USB read thread started: 0xd1f8ee80
2026-05-29T13:17:35.729  <Info> phidget22[PhidgetUSBReadThreadFunction()] : 1046 (PhidgetBridge 4-Input) v102 S/N:588795: ReadThread exiting normally (signaled by Phidget_close)
2026-05-29T13:17:35.737  <Info> phidget22[PhidgetUSBReadThreadFunction()] : 1046 (PhidgetBridge 4-Input) v102 S/N:582396: ReadThread exiting normally (signaled by Phidget_close)
2026-05-29T13:17:35.745  <Info> phidget22[PhidgetUSBReadThreadFunction()] : 1046 (PhidgetBridge 4-Input) v102 S/N:588716: ReadThread exiting normally (signaled by Phidget_close)
2026-05-29T13:19:10.307  <Info> phidget22 : 
	******************************  Logging Enabled  ******************************
	* Phidget22 - Version 1.22 - Built Sep 29 2025 12:39:17                       *
	* Release 1.22.20250714 - Linux (64-bit)                                      *
	*******************************************************************************
2026-05-29T13:19:10.307  <Info> phidget22usb[PhidgetUSBScanDevices()] : Initializing libusb
2026-05-29T13:19:10.313  <Info> phidget22usb[PhidgetUSBScanDevices()] : New Phidget found in PhidgetUSBBuildList: 1/6
2026-05-29T13:19:10.317  <Info> phidget22[deviceAttach()] : (Attach) 1046 (PhidgetBridge 4-Input) v102 S/N:588716
2026-05-29T13:19:10.317  <Info> phidget22usb[PhidgetUSBScanDevices()] : New Phidget found in PhidgetUSBBuildList: 1/5
2026-05-29T13:19:10.322  <Info> phidget22[deviceAttach()] : (Attach) 1046 (PhidgetBridge 4-Input) v102 S/N:582396
2026-05-29T13:19:10.322  <Info> phidget22usb[PhidgetUSBScanDevices()] : New Phidget found in PhidgetUSBBuildList: 1/4
2026-05-29T13:19:10.327  <Info> phidget22[deviceAttach()] : (Attach) 1046 (PhidgetBridge 4-Input) v102 S/N:588795
2026-05-29T13:19:10.327  <Info> phidget22usb[getReportLengths()] : Using Control Endpoint for Host->Device communication.
2026-05-29T13:19:10.329  <Info> phidget22[HandleEventsThreadFunction()] : Failed to increase priority of USB Handle Events thread: 0x01 - Operation not permitted
2026-05-29T13:19:10.329  <Info> phidget22[PhidgetUSBReadThreadFunction()] : 1046 (PhidgetBridge 4-Input) v102 S/N:588716: USB read thread started: 0x337dee80
2026-05-29T13:19:11.639  <Info> phidget22usb[getReportLengths()] : Using Control Endpoint for Host->Device communication.
2026-05-29T13:19:11.641  <Info> phidget22[PhidgetUSBReadThreadFunction()] : 1046 (PhidgetBridge 4-Input) v102 S/N:582396: USB read thread started: 0x32baee80
2026-05-29T13:19:12.943  <Info> phidget22usb[getReportLengths()] : Using Control Endpoint for Host->Device communication.
2026-05-29T13:19:12.945  <Info> phidget22[PhidgetUSBReadThreadFunction()] : 1046 (PhidgetBridge 4-Input) v102 S/N:588795: USB read thread started: 0x3279ee80
2026-05-29T13:21:07.411  <Info> phidget22[PhidgetUSBReadThreadFunction()] : 1046 (PhidgetBridge 4-Input) v102 S/N:588795: ReadThread exiting normally (signaled by Phidget_close)
2026-05-29T13:21:07.419  <Info> phidget22[PhidgetUSBReadThreadFunction()] : 1046 (PhidgetBridge 4-Input) v102 S/N:582396: ReadThread exiting normally (signaled by Phidget_close)
2026-05-29T13:21:07.427  <Info> phidget22[PhidgetUSBReadThreadFunction()] : 1046 (PhidgetBridge 4-Input) v102 S/N:588716: ReadThread exiting normally (signaled by Phidget_close)
2026-05-29T13:24:30.082  <Info> phidget22 : 
	******************************  Logging Enabled  ******************************
	* Phidget22 - Version 1.22 - Built Sep 29 2025 12:39:17                       *
	* Release 1.22.20250714 - Linux (64-bit)                                      *
	*******************************************************************************
2026-05-29T13:24:30.082  <Info> phidget22usb[PhidgetUSBScanDevices()] : Initializing libusb
2026-05-29T13:24:30.087  <Info> phidget22usb[PhidgetUSBScanDevices()] : New Phidget found in PhidgetUSBBuildList: 1/6
2026-05-29T13:24:30.092  <Info> phidget22[deviceAttach()] : (Attach) 1046 (PhidgetBridge 4-Input) v102 S/N:588716
2026-05-29T13:24:30.092  <Info> phidget22usb[PhidgetUSBScanDevices()] : New Phidget found in PhidgetUSBBuildList: 1/5
2026-05-29T13:24:30.097  <Info> phidget22[deviceAttach()] : (Attach) 1046 (PhidgetBridge 4-Input) v102 S/N:582396
2026-05-29T13:24:30.097  <Info> phidget22usb[PhidgetUSBScanDevices()] : New Phidget found in PhidgetUSBBuildList: 1/4
2026-05-29T13:24:30.102  <Info> phidget22[deviceAttach()] : (Attach) 1046 (PhidgetBridge 4-Input) v102 S/N:588795
2026-05-29T13:24:30.102  <Info> phidget22usb[getReportLengths()] : Using Control Endpoint for Host->Device communication.
2026-05-29T13:24:30.104  <Info> phidget22[HandleEventsThreadFunction()] : Failed to increase priority of USB Handle Events thread: 0x01 - Operation not permitted
2026-05-29T13:24:30.104  <Info> phidget22[PhidgetUSBReadThreadFunction()] : 1046 (PhidgetBridge 4-Input) v102 S/N:588716: USB read thread started: 0xc73dee80
2026-05-29T13:24:31.405  <Info> phidget22usb[getReportLengths()] : Using Control Endpoint for Host->Device communication.
2026-05-29T13:24:31.407  <Info> phidget22[PhidgetUSBReadThreadFunction()] : 1046 (PhidgetBridge 4-Input) v102 S/N:582396: USB read thread started: 0xd50aee80
2026-05-29T13:24:32.717  <Info> phidget22usb[getReportLengths()] : Using Control Endpoint for Host->Device communication.
2026-05-29T13:24:32.720  <Info> phidget22[PhidgetUSBReadThreadFunction()] : 1046 (PhidgetBridge 4-Input) v102 S/N:588795: USB read thread started: 0xc639ee80
2026-05-29T13:25:21.663  <Info> phidget22[PhidgetUSBReadThreadFunction()] : 1046 (PhidgetBridge 4-Input) v102 S/N:588795: ReadThread exiting normally (signaled by Phidget_close)
2026-05-29T13:25:21.671  <Info> phidget22[PhidgetUSBReadThreadFunction()] : 1046 (PhidgetBridge 4-Input) v102 S/N:582396: ReadThread exiting normally (signaled by Phidget_close)
2026-05-29T13:25:21.679  <Info> phidget22[PhidgetUSBReadThreadFunction()] : 1046 (PhidgetBridge 4-Input) v102 S/N:588716: ReadThread exiting normally (signaled by Phidget_close)
2026-05-29T13:29:38.028  <Info> phidget22 : 
	******************************  Logging Enabled  ******************************
	* Phidget22 - Version 1.22 - Built Sep 29 2025 12:39:17                       *
	* Release 1.22.20250714 - Linux (64-bit)                                      *
	*******************************************************************************
2026-05-29T13:29:38.028  <Info> phidget22usb[PhidgetUSBScanDevices()] : Initializing libusb
2026-05-29T13:29:38.035  <Info> phidget22usb[PhidgetUSBScanDevices()] : New Phidget found in PhidgetUSBBuildList: 1/6
2026-05-29T13:29:38.040  <Info> phidget22[deviceAttach()] : (Attach) 1046 (PhidgetBridge 4-Input) v102 S/N:588716
2026-05-29T13:29:38.040  <Info> phidget22usb[PhidgetUSBScanDevices()] : New Phidget found in PhidgetUSBBuildList: 1/5
2026-05-29T13:29:38.045  <Info> phidget22[deviceAttach()] : (Attach) 1046 (PhidgetBridge 4-Input) v102 S/N:582396
2026-05-29T13:29:38.045  <Info> phidget22usb[PhidgetUSBScanDevices()] : New Phidget found in PhidgetUSBBuildList: 1/4
2026-05-29T13:29:38.049  <Info> phidget22[deviceAttach()] : (Attach) 1046 (PhidgetBridge 4-Input) v102 S/N:588795
2026-05-29T13:29:38.049  <Info> phidget22usb[getReportLengths()] : Using Control Endpoint for Host->Device communication.
2026-05-29T13:29:38.051  <Info> phidget22[HandleEventsThreadFunction()] : Failed to increase priority of USB Handle Events thread: 0x01 - Operation not permitted
2026-05-29T13:29:38.051  <Info> phidget22[PhidgetUSBReadThreadFunction()] : 1046 (PhidgetBridge 4-Input) v102 S/N:588716: USB read thread started: 0x99a8ee80
2026-05-29T13:29:39.356  <Info> phidget22usb[getReportLengths()] : Using Control Endpoint for Host->Device communication.
2026-05-29T13:29:39.359  <Info> phidget22[PhidgetUSBReadThreadFunction()] : 1046 (PhidgetBridge 4-Input) v102 S/N:582396: USB read thread started: 0x98a4ee80
2026-05-29T13:29:40.668  <Info> phidget22usb[getReportLengths()] : Using Control Endpoint for Host->Device communication.
2026-05-29T13:29:40.670  <Info> phidget22[PhidgetUSBReadThreadFunction()] : 1046 (PhidgetBridge 4-Input) v102 S/N:588795: USB read thread started: 0x9863ee80
2026-05-29T13:30:27.389  <Info> phidget22[PhidgetUSBReadThreadFunction()] : 1046 (PhidgetBridge 4-Input) v102 S/N:588795: ReadThread exiting normally (signaled by Phidget_close)
2026-05-29T13:30:27.397  <Info> phidget22[PhidgetUSBReadThreadFunction()] : 1046 (PhidgetBridge 4-Input) v102 S/N:582396: ReadThread exiting normally (signaled by Phidget_close)
2026-05-29T13:30:27.405  <Info> phidget22[PhidgetUSBReadThreadFunction()] : 1046 (PhidgetBridge 4-Input) v102 S/N:588716: ReadThread exiting normally (signaled by Phidget_close)
2026-05-29T13:31:17.672  <Info> phidget22 : 
	******************************  Logging Enabled  ******************************
	* Phidget22 - Version 1.22 - Built Sep 29 2025 12:39:17                       *
	* Release 1.22.20250714 - Linux (64-bit)                                      *
	*******************************************************************************
2026-05-29T13:31:17.672  <Info> phidget22usb[PhidgetUSBScanDevices()] : Initializing libusb
2026-05-29T13:31:17.677  <Info> phidget22usb[PhidgetUSBScanDevices()] : New Phidget found in PhidgetUSBBuildList: 1/6
2026-05-29T13:31:17.682  <Info> phidget22[deviceAttach()] : (Attach) 1046 (PhidgetBridge 4-Input) v102 S/N:588716
2026-05-29T13:31:17.682  <Info> phidget22usb[PhidgetUSBScanDevices()] : New Phidget found in PhidgetUSBBuildList: 1/5
2026-05-29T13:31:17.687  <Info> phidget22[deviceAttach()] : (Attach) 1046 (PhidgetBridge 4-Input) v102 S/N:582396
2026-05-29T13:31:17.687  <Info> phidget22usb[PhidgetUSBScanDevices()] : New Phidget found in PhidgetUSBBuildList: 1/4
2026-05-29T13:31:17.692  <Info> phidget22[deviceAttach()] : (Attach) 1046 (PhidgetBridge 4-Input) v102 S/N:588795
2026-05-29T13:31:17.692  <Info> phidget22usb[getReportLengths()] : Using Control Endpoint for Host->Device communication.
2026-05-29T13:31:17.694  <Info> phidget22[HandleEventsThreadFunction()] : Failed to increase priority of USB Handle Events thread: 0x01 - Operation not permitted
2026-05-29T13:31:17.694  <Info> phidget22[PhidgetUSBReadThreadFunction()] : 1046 (PhidgetBridge 4-Input) v102 S/N:588716: USB read thread started: 0xdc94ee80
2026-05-29T13:31:18.992  <Info> phidget22usb[getReportLengths()] : Using Control Endpoint for Host->Device communication.
2026-05-29T13:31:18.994  <Info> phidget22[PhidgetUSBReadThreadFunction()] : 1046 (PhidgetBridge 4-Input) v102 S/N:582396: USB read thread started: 0xbfbeee80
2026-05-29T13:31:20.304  <Info> phidget22usb[getReportLengths()] : Using Control Endpoint for Host->Device communication.
2026-05-29T13:31:20.306  <Info> phidget22[PhidgetUSBReadThreadFunction()] : 1046 (PhidgetBridge 4-Input) v102 S/N:588795: USB read thread started: 0xbf7dee80
2026-05-29T13:31:30.524  <Info> phidget22[PhidgetUSBReadThreadFunction()] : 1046 (PhidgetBridge 4-Input) v102 S/N:588795: ReadThread exiting normally (signaled by Phidget_close)
2026-05-29T13:31:30.528  <Info> phidget22[PhidgetUSBReadThreadFunction()] : 1046 (PhidgetBridge 4-Input) v102 S/N:582396: ReadThread exiting normally (signaled by Phidget_close)
2026-05-29T13:31:30.536  <Info> phidget22[PhidgetUSBReadThreadFunction()] : 1046 (PhidgetBridge 4-Input) v102 S/N:588716: ReadThread exiting normally (signaled by Phidget_close)
2026-05-29T13:31:45.067  <Info> phidget22 : 
	******************************  Logging Enabled  ******************************
	* Phidget22 - Version 1.22 - Built Sep 29 2025 12:39:17                       *
	* Release 1.22.20250714 - Linux (64-bit)                                      *
	*******************************************************************************
2026-05-29T13:31:45.067  <Info> phidget22usb[PhidgetUSBScanDevices()] : Initializing libusb
2026-05-29T13:31:45.076  <Info> phidget22usb[PhidgetUSBScanDevices()] : New Phidget found in PhidgetUSBBuildList: 1/6
2026-05-29T13:31:45.081  <Info> phidget22[deviceAttach()] : (Attach) 1046 (PhidgetBridge 4-Input) v102 S/N:588716
2026-05-29T13:31:45.081  <Info> phidget22usb[PhidgetUSBScanDevices()] : New Phidget found in PhidgetUSBBuildList: 1/5
2026-05-29T13:31:45.087  <Info> phidget22[deviceAttach()] : (Attach) 1046 (PhidgetBridge 4-Input) v102 S/N:582396
2026-05-29T13:31:45.087  <Info> phidget22usb[PhidgetUSBScanDevices()] : New Phidget found in PhidgetUSBBuildList: 1/4
2026-05-29T13:31:45.092  <Info> phidget22[deviceAttach()] : (Attach) 1046 (PhidgetBridge 4-Input) v102 S/N:588795
2026-05-29T13:31:45.092  <Info> phidget22usb[getReportLengths()] : Using Control Endpoint for Host->Device communication.
2026-05-29T13:31:45.094  <Info> phidget22[HandleEventsThreadFunction()] : Failed to increase priority of USB Handle Events thread: 0x01 - Operation not permitted
2026-05-29T13:31:45.094  <Info> phidget22[PhidgetUSBReadThreadFunction()] : 1046 (PhidgetBridge 4-Input) v102 S/N:588716: USB read thread started: 0x8976ee80
2026-05-29T13:31:46.393  <Info> phidget22usb[getReportLengths()] : Using Control Endpoint for Host->Device communication.
2026-05-29T13:31:46.396  <Info> phidget22[PhidgetUSBReadThreadFunction()] : 1046 (PhidgetBridge 4-Input) v102 S/N:582396: USB read thread started: 0x8b3bee80
2026-05-29T13:31:47.698  <Info> phidget22usb[getReportLengths()] : Using Control Endpoint for Host->Device communication.
2026-05-29T13:31:47.700  <Info> phidget22[PhidgetUSBReadThreadFunction()] : 1046 (PhidgetBridge 4-Input) v102 S/N:588795: USB read thread started: 0x8872ee80
2026-05-29T13:32:58.460  <Info> phidget22[PhidgetUSBReadThreadFunction()] : 1046 (PhidgetBridge 4-Input) v102 S/N:588795: ReadThread exiting normally (signaled by Phidget_close)
2026-05-29T13:32:58.468  <Info> phidget22[PhidgetUSBReadThreadFunction()] : 1046 (PhidgetBridge 4-Input) v102 S/N:582396: ReadThread exiting normally (signaled by Phidget_close)
2026-05-29T13:32:58.476  <Info> phidget22[PhidgetUSBReadThreadFunction()] : 1046 (PhidgetBridge 4-Input) v102 S/N:588716: ReadThread exiting normally (signaled by Phidget_close)
2026-05-29T13:33:13.451  <Info> phidget22 : 
	******************************  Logging Enabled  ******************************
	* Phidget22 - Version 1.22 - Built Sep 29 2025 12:39:17                       *
	* Release 1.22.20250714 - Linux (64-bit)                                      *
	*******************************************************************************
2026-05-29T13:33:13.451  <Info> phidget22usb[PhidgetUSBScanDevices()] : Initializing libusb
2026-05-29T13:33:13.456  <Info> phidget22usb[PhidgetUSBScanDevices()] : New Phidget found in PhidgetUSBBuildList: 1/6
2026-05-29T13:33:13.461  <Info> phidget22[deviceAttach()] : (Attach) 1046 (PhidgetBridge 4-Input) v102 S/N:588716
2026-05-29T13:33:13.461  <Info> phidget22usb[PhidgetUSBScanDevices()] : New Phidget found in PhidgetUSBBuildList: 1/5
2026-05-29T13:33:13.465  <Info> phidget22[deviceAttach()] : (Attach) 1046 (PhidgetBridge 4-Input) v102 S/N:582396
2026-05-29T13:33:13.466  <Info> phidget22usb[PhidgetUSBScanDevices()] : New Phidget found in PhidgetUSBBuildList: 1/4
2026-05-29T13:33:13.470  <Info> phidget22[deviceAttach()] : (Attach) 1046 (PhidgetBridge 4-Input) v102 S/N:588795
2026-05-29T13:33:13.470  <Info> phidget22usb[getReportLengths()] : Using Control Endpoint for Host->Device communication.
2026-05-29T13:33:13.472  <Info> phidget22[HandleEventsThreadFunction()] : Failed to increase priority of USB Handle Events thread: 0x01 - Operation not permitted
2026-05-29T13:33:13.472  <Info> phidget22[PhidgetUSBReadThreadFunction()] : 1046 (PhidgetBridge 4-Input) v102 S/N:588716: USB read thread started: 0x16bbee80
2026-05-29T13:33:14.774  <Info> phidget22usb[getReportLengths()] : Using Control Endpoint for Host->Device communication.
2026-05-29T13:33:14.775  <Info> phidget22[PhidgetUSBReadThreadFunction()] : 1046 (PhidgetBridge 4-Input) v102 S/N:582396: USB read thread started: 0x15f8ee80
2026-05-29T13:33:16.094  <Info> phidget22usb[getReportLengths()] : Using Control Endpoint for Host->Device communication.
2026-05-29T13:33:16.096  <Info> phidget22[PhidgetUSBReadThreadFunction()] : 1046 (PhidgetBridge 4-Input) v102 S/N:588795: USB read thread started: 0x1576ee80
2026-05-29T13:35:30.371  <Info> phidget22[PhidgetUSBReadThreadFunction()] : 1046 (PhidgetBridge 4-Input) v102 S/N:588795: ReadThread exiting normally (signaled by Phidget_close)
2026-05-29T13:35:30.379  <Info> phidget22[PhidgetUSBReadThreadFunction()] : 1046 (PhidgetBridge 4-Input) v102 S/N:582396: ReadThread exiting normally (signaled by Phidget_close)
2026-05-29T13:35:30.387  <Info> phidget22[PhidgetUSBReadThreadFunction()] : 1046 (PhidgetBridge 4-Input) v102 S/N:588716: ReadThread exiting normally (signaled by Phidget_close)
2026-05-29T13:35:45.383  <Info> phidget22 : 
	******************************  Logging Enabled  ******************************
	* Phidget22 - Version 1.22 - Built Sep 29 2025 12:39:17                       *
	* Release 1.22.20250714 - Linux (64-bit)                                      *
	*******************************************************************************
2026-05-29T13:35:45.383  <Info> phidget22usb[PhidgetUSBScanDevices()] : Initializing libusb
2026-05-29T13:35:45.388  <Info> phidget22usb[PhidgetUSBScanDevices()] : New Phidget found in PhidgetUSBBuildList: 1/6
2026-05-29T13:35:45.393  <Info> phidget22[deviceAttach()] : (Attach) 1046 (PhidgetBridge 4-Input) v102 S/N:588716
2026-05-29T13:35:45.393  <Info> phidget22usb[PhidgetUSBScanDevices()] : New Phidget found in PhidgetUSBBuildList: 1/5
2026-05-29T13:35:45.398  <Info> phidget22[deviceAttach()] : (Attach) 1046 (PhidgetBridge 4-Input) v102 S/N:582396
2026-05-29T13:35:45.398  <Info> phidget22usb[PhidgetUSBScanDevices()] : New Phidget found in PhidgetUSBBuildList: 1/4
2026-05-29T13:35:45.403  <Info> phidget22[deviceAttach()] : (Attach) 1046 (PhidgetBridge 4-Input) v102 S/N:588795
2026-05-29T13:35:45.403  <Info> phidget22usb[getReportLengths()] : Using Control Endpoint for Host->Device communication.
2026-05-29T13:35:45.405  <Info> phidget22[HandleEventsThreadFunction()] : Failed to increase priority of USB Handle Events thread: 0x01 - Operation not permitted
2026-05-29T13:35:45.405  <Info> phidget22[PhidgetUSBReadThreadFunction()] : 1046 (PhidgetBridge 4-Input) v102 S/N:588716: USB read thread started: 0x9cadee80
2026-05-29T13:35:46.708  <Info> phidget22usb[getReportLengths()] : Using Control Endpoint for Host->Device communication.
2026-05-29T13:35:46.710  <Info> phidget22[PhidgetUSBReadThreadFunction()] : 1046 (PhidgetBridge 4-Input) v102 S/N:582396: USB read thread started: 0x9e72ee80
2026-05-29T13:35:48.020  <Info> phidget22usb[getReportLengths()] : Using Control Endpoint for Host->Device communication.
2026-05-29T13:35:48.022  <Info> phidget22[PhidgetUSBReadThreadFunction()] : 1046 (PhidgetBridge 4-Input) v102 S/N:588795: USB read thread started: 0x7f7dee80
2026-05-29T13:35:55.612  <Info> phidget22[PhidgetUSBReadThreadFunction()] : 1046 (PhidgetBridge 4-Input) v102 S/N:588795: ReadThread exiting normally (signaled by Phidget_close)
2026-05-29T13:35:55.620  <Info> phidget22[PhidgetUSBReadThreadFunction()] : 1046 (PhidgetBridge 4-Input) v102 S/N:582396: ReadThread exiting normally (signaled by Phidget_close)
2026-05-29T13:35:55.628  <Info> phidget22[PhidgetUSBReadThreadFunction()] : 1046 (PhidgetBridge 4-Input) v102 S/N:588716: ReadThread exiting normally (signaled by Phidget_close)
2026-05-29T13:36:03.575  <Info> phidget22 : 
	******************************  Logging Enabled  ******************************
	* Phidget22 - Version 1.22 - Built Sep 29 2025 12:39:17                       *
	* Release 1.22.20250714 - Linux (64-bit)                                      *
	*******************************************************************************
2026-05-29T13:36:03.575  <Info> phidget22usb[PhidgetUSBScanDevices()] : Initializing libusb
2026-05-29T13:36:03.581  <Info> phidget22usb[PhidgetUSBScanDevices()] : New Phidget found in PhidgetUSBBuildList: 1/6
2026-05-29T13:36:03.586  <Info> phidget22[deviceAttach()] : (Attach) 1046 (PhidgetBridge 4-Input) v102 S/N:588716
2026-05-29T13:36:03.586  <Info> phidget22usb[PhidgetUSBScanDevices()] : New Phidget found in PhidgetUSBBuildList: 1/5
2026-05-29T13:36:03.590  <Info> phidget22[deviceAttach()] : (Attach) 1046 (PhidgetBridge 4-Input) v102 S/N:582396
2026-05-29T13:36:03.590  <Info> phidget22usb[PhidgetUSBScanDevices()] : New Phidget found in PhidgetUSBBuildList: 1/4
2026-05-29T13:36:03.595  <Info> phidget22[deviceAttach()] : (Attach) 1046 (PhidgetBridge 4-Input) v102 S/N:588795
2026-05-29T13:36:03.595  <Info> phidget22usb[getReportLengths()] : Using Control Endpoint for Host->Device communication.
2026-05-29T13:36:03.597  <Info> phidget22[HandleEventsThreadFunction()] : Failed to increase priority of USB Handle Events thread: 0x01 - Operation not permitted
2026-05-29T13:36:03.597  <Info> phidget22[PhidgetUSBReadThreadFunction()] : 1046 (PhidgetBridge 4-Input) v102 S/N:588716: USB read thread started: 0x6d22ee80
2026-05-29T13:36:04.901  <Info> phidget22usb[getReportLengths()] : Using Control Endpoint for Host->Device communication.
2026-05-29T13:36:04.903  <Info> phidget22[PhidgetUSBReadThreadFunction()] : 1046 (PhidgetBridge 4-Input) v102 S/N:582396: USB read thread started: 0x6c5fee80
2026-05-29T13:36:06.213  <Info> phidget22usb[getReportLengths()] : Using Control Endpoint for Host->Device communication.
2026-05-29T13:36:06.215  <Info> phidget22[PhidgetUSBReadThreadFunction()] : 1046 (PhidgetBridge 4-Input) v102 S/N:588795: USB read thread started: 0x43beee80
2026-05-29T13:37:16.208  <Info> phidget22[PhidgetUSBReadThreadFunction()] : 1046 (PhidgetBridge 4-Input) v102 S/N:588795: ReadThread exiting normally (signaled by Phidget_close)
2026-05-29T13:37:16.216  <Info> phidget22[PhidgetUSBReadThreadFunction()] : 1046 (PhidgetBridge 4-Input) v102 S/N:582396: ReadThread exiting normally (signaled by Phidget_close)
2026-05-29T13:37:16.224  <Info> phidget22[PhidgetUSBReadThreadFunction()] : 1046 (PhidgetBridge 4-Input) v102 S/N:588716: ReadThread exiting normally (signaled by Phidget_close)
2026-05-29T13:37:25.183  <Info> phidget22 : 
	******************************  Logging Enabled  ******************************
	* Phidget22 - Version 1.22 - Built Sep 29 2025 12:39:17                       *
	* Release 1.22.20250714 - Linux (64-bit)                                      *
	*******************************************************************************
2026-05-29T13:37:25.183  <Info> phidget22usb[PhidgetUSBScanDevices()] : Initializing libusb
2026-05-29T13:37:25.189  <Info> phidget22usb[PhidgetUSBScanDevices()] : New Phidget found in PhidgetUSBBuildList: 1/6
2026-05-29T13:37:25.194  <Info> phidget22[deviceAttach()] : (Attach) 1046 (PhidgetBridge 4-Input) v102 S/N:588716
2026-05-29T13:37:25.194  <Info> phidget22usb[PhidgetUSBScanDevices()] : New Phidget found in PhidgetUSBBuildList: 1/5
2026-05-29T13:37:25.199  <Info> phidget22[deviceAttach()] : (Attach) 1046 (PhidgetBridge 4-Input) v102 S/N:582396
2026-05-29T13:37:25.199  <Info> phidget22usb[PhidgetUSBScanDevices()] : New Phidget found in PhidgetUSBBuildList: 1/4
2026-05-29T13:37:25.204  <Info> phidget22[deviceAttach()] : (Attach) 1046 (PhidgetBridge 4-Input) v102 S/N:588795
2026-05-29T13:37:25.204  <Info> phidget22usb[getReportLengths()] : Using Control Endpoint for Host->Device communication.
2026-05-29T13:37:25.206  <Info> phidget22[HandleEventsThreadFunction()] : Failed to increase priority of USB Handle Events thread: 0x01 - Operation not permitted
2026-05-29T13:37:25.206  <Info> phidget22[PhidgetUSBReadThreadFunction()] : 1046 (PhidgetBridge 4-Input) v102 S/N:588716: USB read thread started: 0x8cdaee80
2026-05-29T13:37:26.505  <Info> phidget22usb[getReportLengths()] : Using Control Endpoint for Host->Device communication.
2026-05-29T13:37:26.507  <Info> phidget22[PhidgetUSBReadThreadFunction()] : 1046 (PhidgetBridge 4-Input) v102 S/N:582396: USB read thread started: 0x6bffee80
2026-05-29T13:37:27.817  <Info> phidget22usb[getReportLengths()] : Using Control Endpoint for Host->Device communication.
2026-05-29T13:37:27.819  <Info> phidget22[PhidgetUSBReadThreadFunction()] : 1046 (PhidgetBridge 4-Input) v102 S/N:588795: USB read thread started: 0x6bbeee80
2026-05-29T13:37:35.321  <Info> phidget22[PhidgetUSBReadThreadFunction()] : 1046 (PhidgetBridge 4-Input) v102 S/N:588795: ReadThread exiting normally (signaled by Phidget_close)
2026-05-29T13:37:35.329  <Info> phidget22[PhidgetUSBReadThreadFunction()] : 1046 (PhidgetBridge 4-Input) v102 S/N:582396: ReadThread exiting normally (signaled by Phidget_close)
2026-05-29T13:37:35.337  <Info> phidget22[PhidgetUSBReadThreadFunction()] : 1046 (PhidgetBridge 4-Input) v102 S/N:588716: ReadThread exiting normally (signaled by Phidget_close)
2026-05-29T13:37:44.313  <Info> phidget22 : 
	******************************  Logging Enabled  ******************************
	* Phidget22 - Version 1.22 - Built Sep 29 2025 12:39:17                       *
	* Release 1.22.20250714 - Linux (64-bit)                                      *
	*******************************************************************************
2026-05-29T13:37:44.314  <Info> phidget22usb[PhidgetUSBScanDevices()] : Initializing libusb
2026-05-29T13:37:44.319  <Info> phidget22usb[PhidgetUSBScanDevices()] : New Phidget found in PhidgetUSBBuildList: 1/6
2026-05-29T13:37:44.324  <Info> phidget22[deviceAttach()] : (Attach) 1046 (PhidgetBridge 4-Input) v102 S/N:588716
2026-05-29T13:37:44.324  <Info> phidget22usb[PhidgetUSBScanDevices()] : New Phidget found in PhidgetUSBBuildList: 1/5
2026-05-29T13:37:44.329  <Info> phidget22[deviceAttach()] : (Attach) 1046 (PhidgetBridge 4-Input) v102 S/N:582396
2026-05-29T13:37:44.329  <Info> phidget22usb[PhidgetUSBScanDevices()] : New Phidget found in PhidgetUSBBuildList: 1/4
2026-05-29T13:37:44.333  <Info> phidget22[deviceAttach()] : (Attach) 1046 (PhidgetBridge 4-Input) v102 S/N:588795
2026-05-29T13:37:44.333  <Info> phidget22usb[getReportLengths()] : Using Control Endpoint for Host->Device communication.
2026-05-29T13:37:44.335  <Info> phidget22[HandleEventsThreadFunction()] : Failed to increase priority of USB Handle Events thread: 0x01 - Operation not permitted
2026-05-29T13:37:44.335  <Info> phidget22[PhidgetUSBReadThreadFunction()] : 1046 (PhidgetBridge 4-Input) v102 S/N:588716: USB read thread started: 0x837dee80
2026-05-29T13:37:45.634  <Info> phidget22usb[getReportLengths()] : Using Control Endpoint for Host->Device communication.
2026-05-29T13:37:45.636  <Info> phidget22[PhidgetUSBReadThreadFunction()] : 1046 (PhidgetBridge 4-Input) v102 S/N:582396: USB read thread started: 0x82baee80
2026-05-29T13:37:46.946  <Info> phidget22usb[getReportLengths()] : Using Control Endpoint for Host->Device communication.
2026-05-29T13:37:46.948  <Info> phidget22[PhidgetUSBReadThreadFunction()] : 1046 (PhidgetBridge 4-Input) v102 S/N:588795: USB read thread started: 0x8279ee80
2026-05-29T13:39:33.726  <Info> phidget22[PhidgetUSBReadThreadFunction()] : 1046 (PhidgetBridge 4-Input) v102 S/N:588795: ReadThread exiting normally (signaled by Phidget_close)
2026-05-29T13:39:33.734  <Info> phidget22[PhidgetUSBReadThreadFunction()] : 1046 (PhidgetBridge 4-Input) v102 S/N:582396: ReadThread exiting normally (signaled by Phidget_close)
2026-05-29T13:39:33.742  <Info> phidget22[PhidgetUSBReadThreadFunction()] : 1046 (PhidgetBridge 4-Input) v102 S/N:588716: ReadThread exiting normally (signaled by Phidget_close)
2026-05-29T13:41:58.270  <Info> phidget22 : 
	******************************  Logging Enabled  ******************************
	* Phidget22 - Version 1.22 - Built Sep 29 2025 12:39:17                       *
	* Release 1.22.20250714 - Linux (64-bit)                                      *
	*******************************************************************************
2026-05-29T13:41:58.270  <Info> phidget22usb[PhidgetUSBScanDevices()] : Initializing libusb
2026-05-29T13:41:58.275  <Info> phidget22usb[PhidgetUSBScanDevices()] : New Phidget found in PhidgetUSBBuildList: 1/6
2026-05-29T13:41:58.281  <Info> phidget22[deviceAttach()] : (Attach) 1046 (PhidgetBridge 4-Input) v102 S/N:588716
2026-05-29T13:41:58.281  <Info> phidget22usb[PhidgetUSBScanDevices()] : New Phidget found in PhidgetUSBBuildList: 1/5
2026-05-29T13:41:58.285  <Info> phidget22[deviceAttach()] : (Attach) 1046 (PhidgetBridge 4-Input) v102 S/N:582396
2026-05-29T13:41:58.285  <Info> phidget22usb[PhidgetUSBScanDevices()] : New Phidget found in PhidgetUSBBuildList: 1/4
2026-05-29T13:41:58.290  <Info> phidget22[deviceAttach()] : (Attach) 1046 (PhidgetBridge 4-Input) v102 S/N:588795
2026-05-29T13:41:58.290  <Info> phidget22usb[getReportLengths()] : Using Control Endpoint for Host->Device communication.
2026-05-29T13:41:58.292  <Info> phidget22[HandleEventsThreadFunction()] : Failed to increase priority of USB Handle Events thread: 0x01 - Operation not permitted
2026-05-29T13:41:58.292  <Info> phidget22[PhidgetUSBReadThreadFunction()] : 1046 (PhidgetBridge 4-Input) v102 S/N:588716: USB read thread started: 0x7bffee80
2026-05-29T13:41:59.590  <Info> phidget22usb[getReportLengths()] : Using Control Endpoint for Host->Device communication.
2026-05-29T13:41:59.592  <Info> phidget22[PhidgetUSBReadThreadFunction()] : 1046 (PhidgetBridge 4-Input) v102 S/N:582396: USB read thread started: 0x7b3cee80
2026-05-29T13:42:00.902  <Info> phidget22usb[getReportLengths()] : Using Control Endpoint for Host->Device communication.
2026-05-29T13:42:00.904  <Info> phidget22[PhidgetUSBReadThreadFunction()] : 1046 (PhidgetBridge 4-Input) v102 S/N:588795: USB read thread started: 0x7afbee80
2026-05-29T13:42:25.782  <Info> phidget22[PhidgetUSBReadThreadFunction()] : 1046 (PhidgetBridge 4-Input) v102 S/N:588795: ReadThread exiting normally (signaled by Phidget_close)
2026-05-29T13:42:25.790  <Info> phidget22[PhidgetUSBReadThreadFunction()] : 1046 (PhidgetBridge 4-Input) v102 S/N:582396: ReadThread exiting normally (signaled by Phidget_close)
2026-05-29T13:42:25.798  <Info> phidget22[PhidgetUSBReadThreadFunction()] : 1046 (PhidgetBridge 4-Input) v102 S/N:588716: ReadThread exiting normally (signaled by Phidget_close)
2026-05-29T13:45:17.801  <Info> phidget22 : 
	******************************  Logging Enabled  ******************************
	* Phidget22 - Version 1.22 - Built Sep 29 2025 12:39:17                       *
	* Release 1.22.20250714 - Linux (64-bit)                                      *
	*******************************************************************************
2026-05-29T13:45:17.802  <Info> phidget22usb[PhidgetUSBScanDevices()] : Initializing libusb
2026-05-29T13:45:17.806  <Info> phidget22usb[PhidgetUSBScanDevices()] : New Phidget found in PhidgetUSBBuildList: 1/6
2026-05-29T13:45:17.811  <Info> phidget22[deviceAttach()] : (Attach) 1046 (PhidgetBridge 4-Input) v102 S/N:588716
2026-05-29T13:45:17.811  <Info> phidget22usb[PhidgetUSBScanDevices()] : New Phidget found in PhidgetUSBBuildList: 1/5
2026-05-29T13:45:17.816  <Info> phidget22[deviceAttach()] : (Attach) 1046 (PhidgetBridge 4-Input) v102 S/N:582396
2026-05-29T13:45:17.816  <Info> phidget22usb[PhidgetUSBScanDevices()] : New Phidget found in PhidgetUSBBuildList: 1/4
2026-05-29T13:45:17.821  <Info> phidget22[deviceAttach()] : (Attach) 1046 (PhidgetBridge 4-Input) v102 S/N:588795
2026-05-29T13:45:17.821  <Info> phidget22usb[getReportLengths()] : Using Control Endpoint for Host->Device communication.
2026-05-29T13:45:17.823  <Info> phidget22[HandleEventsThreadFunction()] : Failed to increase priority of USB Handle Events thread: 0x01 - Operation not permitted
2026-05-29T13:45:17.823  <Info> phidget22[PhidgetUSBReadThreadFunction()] : 1046 (PhidgetBridge 4-Input) v102 S/N:588716: USB read thread started: 0x51adee80
2026-05-29T13:45:19.127  <Info> phidget22usb[getReportLengths()] : Using Control Endpoint for Host->Device communication.
2026-05-29T13:45:19.129  <Info> phidget22[PhidgetUSBReadThreadFunction()] : 1046 (PhidgetBridge 4-Input) v102 S/N:582396: USB read thread started: 0x50eaee80
2026-05-29T13:45:20.439  <Info> phidget22usb[getReportLengths()] : Using Control Endpoint for Host->Device communication.
2026-05-29T13:45:20.441  <Info> phidget22[PhidgetUSBReadThreadFunction()] : 1046 (PhidgetBridge 4-Input) v102 S/N:588795: USB read thread started: 0x50a9ee80
2026-05-29T13:45:33.159  <Info> phidget22[PhidgetUSBReadThreadFunction()] : 1046 (PhidgetBridge 4-Input) v102 S/N:588795: ReadThread exiting normally (signaled by Phidget_close)
2026-05-29T13:45:33.167  <Info> phidget22[PhidgetUSBReadThreadFunction()] : 1046 (PhidgetBridge 4-Input) v102 S/N:582396: ReadThread exiting normally (signaled by Phidget_close)
2026-05-29T13:45:33.175  <Info> phidget22[PhidgetUSBReadThreadFunction()] : 1046 (PhidgetBridge 4-Input) v102 S/N:588716: ReadThread exiting normally (signaled by Phidget_close)
2026-05-29T13:48:56.623  <Info> phidget22 : 
	******************************  Logging Enabled  ******************************
	* Phidget22 - Version 1.22 - Built Sep 29 2025 12:39:17                       *
	* Release 1.22.20250714 - Linux (64-bit)                                      *
	*******************************************************************************
2026-05-29T13:48:56.623  <Info> phidget22usb[PhidgetUSBScanDevices()] : Initializing libusb
2026-05-29T13:48:56.628  <Info> phidget22usb[PhidgetUSBScanDevices()] : New Phidget found in PhidgetUSBBuildList: 1/6
2026-05-29T13:48:56.633  <Info> phidget22[deviceAttach()] : (Attach) 1046 (PhidgetBridge 4-Input) v102 S/N:588716
2026-05-29T13:48:56.633  <Info> phidget22usb[PhidgetUSBScanDevices()] : New Phidget found in PhidgetUSBBuildList: 1/5
2026-05-29T13:48:56.637  <Info> phidget22[deviceAttach()] : (Attach) 1046 (PhidgetBridge 4-Input) v102 S/N:582396
2026-05-29T13:48:56.637  <Info> phidget22usb[PhidgetUSBScanDevices()] : New Phidget found in PhidgetUSBBuildList: 1/4
2026-05-29T13:48:56.642  <Info> phidget22[deviceAttach()] : (Attach) 1046 (PhidgetBridge 4-Input) v102 S/N:588795
2026-05-29T13:48:56.642  <Info> phidget22usb[getReportLengths()] : Using Control Endpoint for Host->Device communication.
2026-05-29T13:48:56.644  <Info> phidget22[HandleEventsThreadFunction()] : Failed to increase priority of USB Handle Events thread: 0x01 - Operation not permitted
2026-05-29T13:48:56.644  <Info> phidget22[PhidgetUSBReadThreadFunction()] : 1046 (PhidgetBridge 4-Input) v102 S/N:588716: USB read thread started: 0x3d97ee80
2026-05-29T13:48:57.945  <Info> phidget22usb[getReportLengths()] : Using Control Endpoint for Host->Device communication.
2026-05-29T13:48:57.947  <Info> phidget22[PhidgetUSBReadThreadFunction()] : 1046 (PhidgetBridge 4-Input) v102 S/N:582396: USB read thread started: 0x3cd4ee80
2026-05-29T13:48:59.257  <Info> phidget22usb[getReportLengths()] : Using Control Endpoint for Host->Device communication.
2026-05-29T13:48:59.259  <Info> phidget22[PhidgetUSBReadThreadFunction()] : 1046 (PhidgetBridge 4-Input) v102 S/N:588795: USB read thread started: 0x3c93ee80
2026-05-29T13:50:02.477  <Info> phidget22 : 
	******************************  Logging Enabled  ******************************
	* Phidget22 - Version 1.22 - Built Sep 29 2025 12:39:17                       *
	* Release 1.22.20250714 - Linux (64-bit)                                      *
	*******************************************************************************
2026-05-29T13:50:02.478  <Info> phidget22usb[PhidgetUSBScanDevices()] : Initializing libusb
2026-05-29T13:50:02.483  <Info> phidget22usb[PhidgetUSBScanDevices()] : New Phidget found in PhidgetUSBBuildList: 1/6
2026-05-29T13:50:02.488  <Info> phidget22[deviceAttach()] : (Attach) 1046 (PhidgetBridge 4-Input) v102 S/N:588716
2026-05-29T13:50:02.488  <Info> phidget22usb[PhidgetUSBScanDevices()] : New Phidget found in PhidgetUSBBuildList: 1/5
2026-05-29T13:50:02.493  <Info> phidget22[deviceAttach()] : (Attach) 1046 (PhidgetBridge 4-Input) v102 S/N:582396
2026-05-29T13:50:02.493  <Info> phidget22usb[PhidgetUSBScanDevices()] : New Phidget found in PhidgetUSBBuildList: 1/4
2026-05-29T13:50:02.498  <Info> phidget22[deviceAttach()] : (Attach) 1046 (PhidgetBridge 4-Input) v102 S/N:588795
2026-05-29T13:50:02.498  <Info> phidget22usb[getReportLengths()] : Using Control Endpoint for Host->Device communication.
2026-05-29T13:50:02.500  <Info> phidget22[HandleEventsThreadFunction()] : Failed to increase priority of USB Handle Events thread: 0x01 - Operation not permitted
2026-05-29T13:50:02.500  <Info> phidget22[PhidgetUSBReadThreadFunction()] : 1046 (PhidgetBridge 4-Input) v102 S/N:588716: USB read thread started: 0xb19cee80
2026-05-29T13:50:02.527  <Info> phidget22usb[getReportLengths()] : Using Control Endpoint for Host->Device communication.
2026-05-29T13:50:02.529  <Info> phidget22[PhidgetUSBReadThreadFunction()] : 1046 (PhidgetBridge 4-Input) v102 S/N:582396: USB read thread started: 0xb0d9ee80
2026-05-29T13:50:02.551  <Info> phidget22usb[getReportLengths()] : Using Control Endpoint for Host->Device communication.
2026-05-29T13:50:02.553  <Info> phidget22[PhidgetUSBReadThreadFunction()] : 1046 (PhidgetBridge 4-Input) v102 S/N:588795: USB read thread started: 0xb098ee80
2026-05-29T13:51:35.056  <Info> phidget22[PhidgetUSBReadThreadFunction()] : 1046 (PhidgetBridge 4-Input) v102 S/N:588795: ReadThread exiting normally (signaled by Phidget_close)
2026-05-29T13:51:35.064  <Info> phidget22[PhidgetUSBReadThreadFunction()] : 1046 (PhidgetBridge 4-Input) v102 S/N:582396: ReadThread exiting normally (signaled by Phidget_close)
2026-05-29T13:51:35.072  <Info> phidget22[PhidgetUSBReadThreadFunction()] : 1046 (PhidgetBridge 4-Input) v102 S/N:588716: ReadThread exiting normally (signaled by Phidget_close)
2026-05-29T13:51:37.041  <Info> phidget22 : 
	******************************  Logging Enabled  ******************************
	* Phidget22 - Version 1.22 - Built Sep 29 2025 12:39:17                       *
	* Release 1.22.20250714 - Linux (64-bit)                                      *
	*******************************************************************************
2026-05-29T13:51:37.041  <Info> phidget22usb[PhidgetUSBScanDevices()] : Initializing libusb
2026-05-29T13:51:37.050  <Info> phidget22usb[PhidgetUSBScanDevices()] : New Phidget found in PhidgetUSBBuildList: 1/6
2026-05-29T13:51:37.055  <Info> phidget22[deviceAttach()] : (Attach) 1046 (PhidgetBridge 4-Input) v102 S/N:588716
2026-05-29T13:51:37.055  <Info> phidget22usb[PhidgetUSBScanDevices()] : New Phidget found in PhidgetUSBBuildList: 1/5
2026-05-29T13:51:37.060  <Info> phidget22[deviceAttach()] : (Attach) 1046 (PhidgetBridge 4-Input) v102 S/N:582396
2026-05-29T13:51:37.060  <Info> phidget22usb[PhidgetUSBScanDevices()] : New Phidget found in PhidgetUSBBuildList: 1/4
2026-05-29T13:51:37.065  <Info> phidget22[deviceAttach()] : (Attach) 1046 (PhidgetBridge 4-Input) v102 S/N:588795
2026-05-29T13:51:37.065  <Info> phidget22usb[getReportLengths()] : Using Control Endpoint for Host->Device communication.
2026-05-29T13:51:37.066  <Info> phidget22[HandleEventsThreadFunction()] : Failed to increase priority of USB Handle Events thread: 0x01 - Operation not permitted
2026-05-29T13:51:37.067  <Info> phidget22[PhidgetUSBReadThreadFunction()] : 1046 (PhidgetBridge 4-Input) v102 S/N:588716: USB read thread started: 0xe58dee80
2026-05-29T13:51:38.368  <Info> phidget22usb[getReportLengths()] : Using Control Endpoint for Host->Device communication.
2026-05-29T13:51:38.370  <Info> phidget22[PhidgetUSBReadThreadFunction()] : 1046 (PhidgetBridge 4-Input) v102 S/N:582396: USB read thread started: 0xe752ee80
2026-05-29T13:51:39.465  <Info> phidget22usb[getReportLengths()] : Using Control Endpoint for Host->Device communication.
2026-05-29T13:51:39.467  <Info> phidget22[PhidgetUSBReadThreadFunction()] : 1046 (PhidgetBridge 4-Input) v102 S/N:588795: USB read thread started: 0xe4caee80
2026-05-29T13:53:14.930  <Info> phidget22 : 
	******************************  Logging Enabled  ******************************
	* Phidget22 - Version 1.22 - Built Sep 29 2025 12:39:17                       *
	* Release 1.22.20250714 - Linux (64-bit)                                      *
	*******************************************************************************
2026-05-29T13:53:14.930  <Info> phidget22usb[PhidgetUSBScanDevices()] : Initializing libusb
2026-05-29T13:53:14.938  <Info> phidget22usb[PhidgetUSBScanDevices()] : New Phidget found in PhidgetUSBBuildList: 1/6
2026-05-29T13:53:14.942  <Info> phidget22[deviceAttach()] : (Attach) 1046 (PhidgetBridge 4-Input) v102 S/N:588716
2026-05-29T13:53:14.943  <Info> phidget22usb[PhidgetUSBScanDevices()] : New Phidget found in PhidgetUSBBuildList: 1/5
2026-05-29T13:53:14.947  <Info> phidget22[deviceAttach()] : (Attach) 1046 (PhidgetBridge 4-Input) v102 S/N:582396
2026-05-29T13:53:14.947  <Info> phidget22usb[PhidgetUSBScanDevices()] : New Phidget found in PhidgetUSBBuildList: 1/4
2026-05-29T13:53:14.952  <Info> phidget22[deviceAttach()] : (Attach) 1046 (PhidgetBridge 4-Input) v102 S/N:588795
2026-05-29T13:53:14.952  <Info> phidget22usb[getReportLengths()] : Using Control Endpoint for Host->Device communication.
2026-05-29T13:53:14.954  <Info> phidget22[HandleEventsThreadFunction()] : Failed to increase priority of USB Handle Events thread: 0x01 - Operation not permitted
2026-05-29T13:53:14.954  <Info> phidget22[PhidgetUSBReadThreadFunction()] : 1046 (PhidgetBridge 4-Input) v102 S/N:588716: USB read thread started: 0xa7ffee80
2026-05-29T13:53:14.976  <Info> phidget22usb[getReportLengths()] : Using Control Endpoint for Host->Device communication.
2026-05-29T13:53:14.978  <Info> phidget22[PhidgetUSBReadThreadFunction()] : 1046 (PhidgetBridge 4-Input) v102 S/N:582396: USB read thread started: 0xa6fbee80
2026-05-29T13:53:15.000  <Info> phidget22usb[getReportLengths()] : Using Control Endpoint for Host->Device communication.
2026-05-29T13:53:15.002  <Info> phidget22[PhidgetUSBReadThreadFunction()] : 1046 (PhidgetBridge 4-Input) v102 S/N:588795: USB read thread started: 0xa6baee80
2026-05-29T13:58:05.194  <Info> phidget22[PhidgetUSBReadThreadFunction()] : 1046 (PhidgetBridge 4-Input) v102 S/N:588795: ReadThread exiting normally (signaled by Phidget_close)
2026-05-29T13:58:05.202  <Info> phidget22[PhidgetUSBReadThreadFunction()] : 1046 (PhidgetBridge 4-Input) v102 S/N:582396: ReadThread exiting normally (signaled by Phidget_close)
2026-05-29T13:58:05.210  <Info> phidget22[PhidgetUSBReadThreadFunction()] : 1046 (PhidgetBridge 4-Input) v102 S/N:588716: ReadThread exiting normally (signaled by Phidget_close)
2026-05-29T14:00:35.463  <Info> phidget22 : 
	******************************  Logging Enabled  ******************************
	* Phidget22 - Version 1.22 - Built Sep 29 2025 12:39:17                       *
	* Release 1.22.20250714 - Linux (64-bit)                                      *
	*******************************************************************************
2026-05-29T14:00:35.463  <Info> phidget22usb[PhidgetUSBScanDevices()] : Initializing libusb
2026-05-29T14:00:35.468  <Info> phidget22usb[PhidgetUSBScanDevices()] : New Phidget found in PhidgetUSBBuildList: 1/6
2026-05-29T14:00:35.473  <Info> phidget22[deviceAttach()] : (Attach) 1046 (PhidgetBridge 4-Input) v102 S/N:588716
2026-05-29T14:00:35.473  <Info> phidget22usb[PhidgetUSBScanDevices()] : New Phidget found in PhidgetUSBBuildList: 1/5
2026-05-29T14:00:35.478  <Info> phidget22[deviceAttach()] : (Attach) 1046 (PhidgetBridge 4-Input) v102 S/N:582396
2026-05-29T14:00:35.478  <Info> phidget22usb[PhidgetUSBScanDevices()] : New Phidget found in PhidgetUSBBuildList: 1/4
2026-05-29T14:00:35.483  <Info> phidget22[deviceAttach()] : (Attach) 1046 (PhidgetBridge 4-Input) v102 S/N:588795
2026-05-29T14:00:35.483  <Info> phidget22usb[getReportLengths()] : Using Control Endpoint for Host->Device communication.
2026-05-29T14:00:35.484  <Info> phidget22[HandleEventsThreadFunction()] : Failed to increase priority of USB Handle Events thread: 0x01 - Operation not permitted
2026-05-29T14:00:35.485  <Info> phidget22[PhidgetUSBReadThreadFunction()] : 1046 (PhidgetBridge 4-Input) v102 S/N:588716: USB read thread started: 0x0f3dee80
2026-05-29T14:00:36.785  <Info> phidget22usb[getReportLengths()] : Using Control Endpoint for Host->Device communication.
2026-05-29T14:00:36.787  <Info> phidget22[PhidgetUSBReadThreadFunction()] : 1046 (PhidgetBridge 4-Input) v102 S/N:582396: USB read thread started: 0x0e7aee80
2026-05-29T14:00:38.090  <Info> phidget22usb[getReportLengths()] : Using Control Endpoint for Host->Device communication.
2026-05-29T14:00:38.091  <Info> phidget22[PhidgetUSBReadThreadFunction()] : 1046 (PhidgetBridge 4-Input) v102 S/N:588795: USB read thread started: 0x0e39ee80
2026-05-29T14:01:43.404  <Info> phidget22[PhidgetUSBReadThreadFunction()] : 1046 (PhidgetBridge 4-Input) v102 S/N:588795: ReadThread exiting normally (signaled by Phidget_close)
2026-05-29T14:01:43.412  <Info> phidget22[PhidgetUSBReadThreadFunction()] : 1046 (PhidgetBridge 4-Input) v102 S/N:582396: ReadThread exiting normally (signaled by Phidget_close)
2026-05-29T14:01:43.420  <Info> phidget22[PhidgetUSBReadThreadFunction()] : 1046 (PhidgetBridge 4-Input) v102 S/N:588716: ReadThread exiting normally (signaled by Phidget_close)
2026-05-29T14:01:56.567  <Info> phidget22 : 
	******************************  Logging Enabled  ******************************
	* Phidget22 - Version 1.22 - Built Sep 29 2025 12:39:17                       *
	* Release 1.22.20250714 - Linux (64-bit)                                      *
	*******************************************************************************
2026-05-29T14:01:56.567  <Info> phidget22usb[PhidgetUSBScanDevices()] : Initializing libusb
2026-05-29T14:01:56.573  <Info> phidget22usb[PhidgetUSBScanDevices()] : New Phidget found in PhidgetUSBBuildList: 1/6
2026-05-29T14:01:56.577  <Info> phidget22[deviceAttach()] : (Attach) 1046 (PhidgetBridge 4-Input) v102 S/N:588716
2026-05-29T14:01:56.578  <Info> phidget22usb[PhidgetUSBScanDevices()] : New Phidget found in PhidgetUSBBuildList: 1/5
2026-05-29T14:01:56.582  <Info> phidget22[deviceAttach()] : (Attach) 1046 (PhidgetBridge 4-Input) v102 S/N:582396
2026-05-29T14:01:56.582  <Info> phidget22usb[PhidgetUSBScanDevices()] : New Phidget found in PhidgetUSBBuildList: 1/4
2026-05-29T14:01:56.587  <Info> phidget22[deviceAttach()] : (Attach) 1046 (PhidgetBridge 4-Input) v102 S/N:588795
2026-05-29T14:01:56.587  <Info> phidget22usb[getReportLengths()] : Using Control Endpoint for Host->Device communication.
2026-05-29T14:01:56.589  <Info> phidget22[HandleEventsThreadFunction()] : Failed to increase priority of USB Handle Events thread: 0x01 - Operation not permitted
2026-05-29T14:01:56.589  <Info> phidget22[PhidgetUSBReadThreadFunction()] : 1046 (PhidgetBridge 4-Input) v102 S/N:588716: USB read thread started: 0x623aee80
2026-05-29T14:01:57.893  <Info> phidget22usb[getReportLengths()] : Using Control Endpoint for Host->Device communication.
2026-05-29T14:01:57.895  <Info> phidget22[PhidgetUSBReadThreadFunction()] : 1046 (PhidgetBridge 4-Input) v102 S/N:582396: USB read thread started: 0x63ffee80
2026-05-29T14:01:59.197  <Info> phidget22usb[getReportLengths()] : Using Control Endpoint for Host->Device communication.
2026-05-29T14:01:59.199  <Info> phidget22[PhidgetUSBReadThreadFunction()] : 1046 (PhidgetBridge 4-Input) v102 S/N:588795: USB read thread started: 0x6136ee80
2026-05-29T14:03:29.725  <Info> phidget22[PhidgetUSBReadThreadFunction()] : 1046 (PhidgetBridge 4-Input) v102 S/N:588795: ReadThread exiting normally (signaled by Phidget_close)
2026-05-29T14:03:29.729  <Info> phidget22[PhidgetUSBReadThreadFunction()] : 1046 (PhidgetBridge 4-Input) v102 S/N:582396: ReadThread exiting normally (signaled by Phidget_close)
2026-05-29T14:03:29.737  <Info> phidget22[PhidgetUSBReadThreadFunction()] : 1046 (PhidgetBridge 4-Input) v102 S/N:588716: ReadThread exiting normally (signaled by Phidget_close)
2026-05-29T14:03:42.409  <Info> phidget22 : 
	******************************  Logging Enabled  ******************************
	* Phidget22 - Version 1.22 - Built Sep 29 2025 12:39:17                       *
	* Release 1.22.20250714 - Linux (64-bit)                                      *
	*******************************************************************************
2026-05-29T14:03:42.409  <Info> phidget22usb[PhidgetUSBScanDevices()] : Initializing libusb
2026-05-29T14:03:42.415  <Info> phidget22usb[PhidgetUSBScanDevices()] : New Phidget found in PhidgetUSBBuildList: 1/6
2026-05-29T14:03:42.420  <Info> phidget22[deviceAttach()] : (Attach) 1046 (PhidgetBridge 4-Input) v102 S/N:588716
2026-05-29T14:03:42.420  <Info> phidget22usb[PhidgetUSBScanDevices()] : New Phidget found in PhidgetUSBBuildList: 1/5
2026-05-29T14:03:42.425  <Info> phidget22[deviceAttach()] : (Attach) 1046 (PhidgetBridge 4-Input) v102 S/N:582396
2026-05-29T14:03:42.425  <Info> phidget22usb[PhidgetUSBScanDevices()] : New Phidget found in PhidgetUSBBuildList: 1/4
2026-05-29T14:03:42.430  <Info> phidget22[deviceAttach()] : (Attach) 1046 (PhidgetBridge 4-Input) v102 S/N:588795
2026-05-29T14:03:42.430  <Info> phidget22usb[getReportLengths()] : Using Control Endpoint for Host->Device communication.
2026-05-29T14:03:42.432  <Info> phidget22[HandleEventsThreadFunction()] : Failed to increase priority of USB Handle Events thread: 0x01 - Operation not permitted
2026-05-29T14:03:42.432  <Info> phidget22[PhidgetUSBReadThreadFunction()] : 1046 (PhidgetBridge 4-Input) v102 S/N:588716: USB read thread started: 0x567bee80
2026-05-29T14:03:43.730  <Info> phidget22usb[getReportLengths()] : Using Control Endpoint for Host->Device communication.
2026-05-29T14:03:43.732  <Info> phidget22[PhidgetUSBReadThreadFunction()] : 1046 (PhidgetBridge 4-Input) v102 S/N:582396: USB read thread started: 0x55b8ee80
2026-05-29T14:03:44.826  <Info> phidget22usb[getReportLengths()] : Using Control Endpoint for Host->Device communication.
2026-05-29T14:03:44.828  <Info> phidget22[PhidgetUSBReadThreadFunction()] : 1046 (PhidgetBridge 4-Input) v102 S/N:588795: USB read thread started: 0x5577ee80
2026-05-29T14:04:48.144  <Info> phidget22[PhidgetUSBReadThreadFunction()] : 1046 (PhidgetBridge 4-Input) v102 S/N:588795: ReadThread exiting normally (signaled by Phidget_close)
2026-05-29T14:04:48.148  <Info> phidget22[PhidgetUSBReadThreadFunction()] : 1046 (PhidgetBridge 4-Input) v102 S/N:582396: ReadThread exiting normally (signaled by Phidget_close)
2026-05-29T14:04:48.156  <Info> phidget22[PhidgetUSBReadThreadFunction()] : 1046 (PhidgetBridge 4-Input) v102 S/N:588716: ReadThread exiting normally (signaled by Phidget_close)
2026-05-29T14:05:00.859  <Info> phidget22 : 
	******************************  Logging Enabled  ******************************
	* Phidget22 - Version 1.22 - Built Sep 29 2025 12:39:17                       *
	* Release 1.22.20250714 - Linux (64-bit)                                      *
	*******************************************************************************
2026-05-29T14:05:00.859  <Info> phidget22usb[PhidgetUSBScanDevices()] : Initializing libusb
2026-05-29T14:05:00.864  <Info> phidget22usb[PhidgetUSBScanDevices()] : New Phidget found in PhidgetUSBBuildList: 1/6
2026-05-29T14:05:00.869  <Info> phidget22[deviceAttach()] : (Attach) 1046 (PhidgetBridge 4-Input) v102 S/N:588716
2026-05-29T14:05:00.869  <Info> phidget22usb[PhidgetUSBScanDevices()] : New Phidget found in PhidgetUSBBuildList: 1/5
2026-05-29T14:05:00.874  <Info> phidget22[deviceAttach()] : (Attach) 1046 (PhidgetBridge 4-Input) v102 S/N:582396
2026-05-29T14:05:00.874  <Info> phidget22usb[PhidgetUSBScanDevices()] : New Phidget found in PhidgetUSBBuildList: 1/4
2026-05-29T14:05:00.881  <Info> phidget22[deviceAttach()] : (Attach) 1046 (PhidgetBridge 4-Input) v102 S/N:588795
2026-05-29T14:05:00.881  <Info> phidget22usb[getReportLengths()] : Using Control Endpoint for Host->Device communication.
2026-05-29T14:05:00.883  <Info> phidget22[HandleEventsThreadFunction()] : Failed to increase priority of USB Handle Events thread: 0x01 - Operation not permitted
2026-05-29T14:05:00.883  <Info> phidget22[PhidgetUSBReadThreadFunction()] : 1046 (PhidgetBridge 4-Input) v102 S/N:588716: USB read thread started: 0xc91bee80
2026-05-29T14:05:02.182  <Info> phidget22usb[getReportLengths()] : Using Control Endpoint for Host->Device communication.
2026-05-29T14:05:02.184  <Info> phidget22[PhidgetUSBReadThreadFunction()] : 1046 (PhidgetBridge 4-Input) v102 S/N:582396: USB read thread started: 0xc858ee80
2026-05-29T14:05:03.486  <Info> phidget22usb[getReportLengths()] : Using Control Endpoint for Host->Device communication.
2026-05-29T14:05:03.488  <Info> phidget22[PhidgetUSBReadThreadFunction()] : 1046 (PhidgetBridge 4-Input) v102 S/N:588795: USB read thread started: 0x9fffee80
2026-05-29T14:07:17.899  <Info> phidget22[PhidgetUSBReadThreadFunction()] : 1046 (PhidgetBridge 4-Input) v102 S/N:588795: ReadThread exiting normally (signaled by Phidget_close)
2026-05-29T14:07:17.907  <Info> phidget22[PhidgetUSBReadThreadFunction()] : 1046 (PhidgetBridge 4-Input) v102 S/N:582396: ReadThread exiting normally (signaled by Phidget_close)
2026-05-29T14:07:17.915  <Info> phidget22[PhidgetUSBReadThreadFunction()] : 1046 (PhidgetBridge 4-Input) v102 S/N:588716: ReadThread exiting normally (signaled by Phidget_close)
2026-05-29T14:09:51.930  <Info> phidget22 : 
	******************************  Logging Enabled  ******************************
	* Phidget22 - Version 1.22 - Built Sep 29 2025 12:39:17                       *
	* Release 1.22.20250714 - Linux (64-bit)                                      *
	*******************************************************************************
2026-05-29T14:09:51.930  <Info> phidget22usb[PhidgetUSBScanDevices()] : Initializing libusb
2026-05-29T14:09:51.937  <Info> phidget22usb[PhidgetUSBScanDevices()] : New Phidget found in PhidgetUSBBuildList: 1/6
2026-05-29T14:09:51.942  <Info> phidget22[deviceAttach()] : (Attach) 1046 (PhidgetBridge 4-Input) v102 S/N:588716
2026-05-29T14:09:51.942  <Info> phidget22usb[PhidgetUSBScanDevices()] : New Phidget found in PhidgetUSBBuildList: 1/5
2026-05-29T14:09:51.946  <Info> phidget22[deviceAttach()] : (Attach) 1046 (PhidgetBridge 4-Input) v102 S/N:582396
2026-05-29T14:09:51.946  <Info> phidget22usb[PhidgetUSBScanDevices()] : New Phidget found in PhidgetUSBBuildList: 1/4
2026-05-29T14:09:51.951  <Info> phidget22[deviceAttach()] : (Attach) 1046 (PhidgetBridge 4-Input) v102 S/N:588795
2026-05-29T14:09:51.951  <Info> phidget22usb[getReportLengths()] : Using Control Endpoint for Host->Device communication.
2026-05-29T14:09:51.953  <Info> phidget22[HandleEventsThreadFunction()] : Failed to increase priority of USB Handle Events thread: 0x01 - Operation not permitted
2026-05-29T14:09:51.953  <Info> phidget22[PhidgetUSBReadThreadFunction()] : 1046 (PhidgetBridge 4-Input) v102 S/N:588716: USB read thread started: 0xf856ee80
2026-05-29T14:09:53.251  <Info> phidget22usb[getReportLengths()] : Using Control Endpoint for Host->Device communication.
2026-05-29T14:09:53.253  <Info> phidget22[PhidgetUSBReadThreadFunction()] : 1046 (PhidgetBridge 4-Input) v102 S/N:582396: USB read thread started: 0xdb7dee80
2026-05-29T14:09:54.555  <Info> phidget22usb[getReportLengths()] : Using Control Endpoint for Host->Device communication.
2026-05-29T14:09:54.557  <Info> phidget22[PhidgetUSBReadThreadFunction()] : 1046 (PhidgetBridge 4-Input) v102 S/N:588795: USB read thread started: 0xdb3cee80
2026-05-29T14:16:50.013  <Info> phidget22[PhidgetUSBReadThreadFunction()] : 1046 (PhidgetBridge 4-Input) v102 S/N:588795: ReadThread exiting normally (signaled by Phidget_close)
2026-05-29T14:16:50.021  <Info> phidget22[PhidgetUSBReadThreadFunction()] : 1046 (PhidgetBridge 4-Input) v102 S/N:582396: ReadThread exiting normally (signaled by Phidget_close)
2026-05-29T14:16:50.029  <Info> phidget22[PhidgetUSBReadThreadFunction()] : 1046 (PhidgetBridge 4-Input) v102 S/N:588716: ReadThread exiting normally (signaled by Phidget_close)
2026-05-29T14:16:50.032  <Info> phidget22[deviceDetach()] : (Detach) 1046 (PhidgetBridge 4-Input) v102 S/N:588795
2026-05-29T14:17:03.208  <Info> phidget22 : 
	******************************  Logging Enabled  ******************************
	* Phidget22 - Version 1.22 - Built Sep 29 2025 12:39:17                       *
	* Release 1.22.20250714 - Linux (64-bit)                                      *
	*******************************************************************************
2026-05-29T14:17:03.208  <Info> phidget22usb[PhidgetUSBScanDevices()] : Initializing libusb
2026-05-29T14:17:03.214  <Info> phidget22usb[PhidgetUSBScanDevices()] : New Phidget found in PhidgetUSBBuildList: 1/6
2026-05-29T14:17:03.219  <Info> phidget22[deviceAttach()] : (Attach) 1046 (PhidgetBridge 4-Input) v102 S/N:588716
2026-05-29T14:17:03.219  <Info> phidget22usb[PhidgetUSBScanDevices()] : New Phidget found in PhidgetUSBBuildList: 1/5
2026-05-29T14:17:03.223  <Info> phidget22[deviceAttach()] : (Attach) 1046 (PhidgetBridge 4-Input) v102 S/N:582396
2026-05-29T14:17:03.223  <Info> phidget22usb[PhidgetUSBScanDevices()] : New Phidget found in PhidgetUSBBuildList: 1/4
2026-05-29T14:17:03.229  <Info> phidget22[deviceAttach()] : (Attach) 1046 (PhidgetBridge 4-Input) v102 S/N:588795
2026-05-29T14:17:03.229  <Info> phidget22usb[getReportLengths()] : Using Control Endpoint for Host->Device communication.
2026-05-29T14:17:03.231  <Info> phidget22[HandleEventsThreadFunction()] : Failed to increase priority of USB Handle Events thread: 0x01 - Operation not permitted
2026-05-29T14:17:03.231  <Info> phidget22[PhidgetUSBReadThreadFunction()] : 1046 (PhidgetBridge 4-Input) v102 S/N:588716: USB read thread started: 0x5064ee80
2026-05-29T14:17:04.535  <Info> phidget22usb[getReportLengths()] : Using Control Endpoint for Host->Device communication.
2026-05-29T14:17:04.537  <Info> phidget22[PhidgetUSBReadThreadFunction()] : 1046 (PhidgetBridge 4-Input) v102 S/N:582396: USB read thread started: 0x5229ee80
2026-05-29T14:17:05.847  <Info> phidget22usb[getReportLengths()] : Using Control Endpoint for Host->Device communication.
2026-05-29T14:17:05.849  <Info> phidget22[PhidgetUSBReadThreadFunction()] : 1046 (PhidgetBridge 4-Input) v102 S/N:588795: USB read thread started: 0x337dee80
2026-05-29T14:17:43.408  <Info> phidget22[PhidgetUSBReadThreadFunction()] : 1046 (PhidgetBridge 4-Input) v102 S/N:588795: ReadThread exiting normally (signaled by Phidget_close)
2026-05-29T14:17:43.416  <Info> phidget22[PhidgetUSBReadThreadFunction()] : 1046 (PhidgetBridge 4-Input) v102 S/N:582396: ReadThread exiting normally (signaled by Phidget_close)
2026-05-29T14:17:43.424  <Info> phidget22[PhidgetUSBReadThreadFunction()] : 1046 (PhidgetBridge 4-Input) v102 S/N:588716: ReadThread exiting normally (signaled by Phidget_close)
2026-05-29T14:17:56.584  <Info> phidget22 : 
	******************************  Logging Enabled  ******************************
	* Phidget22 - Version 1.22 - Built Sep 29 2025 12:39:17                       *
	* Release 1.22.20250714 - Linux (64-bit)                                      *
	*******************************************************************************
2026-05-29T14:17:56.584  <Info> phidget22usb[PhidgetUSBScanDevices()] : Initializing libusb
2026-05-29T14:17:56.590  <Info> phidget22usb[PhidgetUSBScanDevices()] : New Phidget found in PhidgetUSBBuildList: 1/6
2026-05-29T14:17:56.595  <Info> phidget22[deviceAttach()] : (Attach) 1046 (PhidgetBridge 4-Input) v102 S/N:588716
2026-05-29T14:17:56.595  <Info> phidget22usb[PhidgetUSBScanDevices()] : New Phidget found in PhidgetUSBBuildList: 1/5
2026-05-29T14:17:56.599  <Info> phidget22[deviceAttach()] : (Attach) 1046 (PhidgetBridge 4-Input) v102 S/N:582396
2026-05-29T14:17:56.599  <Info> phidget22usb[PhidgetUSBScanDevices()] : New Phidget found in PhidgetUSBBuildList: 1/4
2026-05-29T14:17:56.604  <Info> phidget22[deviceAttach()] : (Attach) 1046 (PhidgetBridge 4-Input) v102 S/N:588795
2026-05-29T14:17:56.604  <Info> phidget22usb[getReportLengths()] : Using Control Endpoint for Host->Device communication.
2026-05-29T14:17:56.606  <Info> phidget22[HandleEventsThreadFunction()] : Failed to increase priority of USB Handle Events thread: 0x01 - Operation not permitted
2026-05-29T14:17:56.606  <Info> phidget22[PhidgetUSBReadThreadFunction()] : 1046 (PhidgetBridge 4-Input) v102 S/N:588716: USB read thread started: 0x69c3ee80
2026-05-29T14:17:57.905  <Info> phidget22usb[getReportLengths()] : Using Control Endpoint for Host->Device communication.
2026-05-29T14:17:57.907  <Info> phidget22[PhidgetUSBReadThreadFunction()] : 1046 (PhidgetBridge 4-Input) v102 S/N:582396: USB read thread started: 0x6b88ee80
2026-05-29T14:17:59.218  <Info> phidget22usb[getReportLengths()] : Using Control Endpoint for Host->Device communication.
2026-05-29T14:17:59.219  <Info> phidget22[PhidgetUSBReadThreadFunction()] : 1046 (PhidgetBridge 4-Input) v102 S/N:588795: USB read thread started: 0x68bfee80
2026-05-29T14:18:37.186  <Info> phidget22[PhidgetUSBReadThreadFunction()] : 1046 (PhidgetBridge 4-Input) v102 S/N:588795: ReadThread exiting normally (signaled by Phidget_close)
2026-05-29T14:18:37.194  <Info> phidget22[PhidgetUSBReadThreadFunction()] : 1046 (PhidgetBridge 4-Input) v102 S/N:582396: ReadThread exiting normally (signaled by Phidget_close)
2026-05-29T14:18:37.202  <Info> phidget22[PhidgetUSBReadThreadFunction()] : 1046 (PhidgetBridge 4-Input) v102 S/N:588716: ReadThread exiting normally (signaled by Phidget_close)
2026-05-29T14:18:50.383  <Info> phidget22 : 
	******************************  Logging Enabled  ******************************
	* Phidget22 - Version 1.22 - Built Sep 29 2025 12:39:17                       *
	* Release 1.22.20250714 - Linux (64-bit)                                      *
	*******************************************************************************
2026-05-29T14:18:50.384  <Info> phidget22usb[PhidgetUSBScanDevices()] : Initializing libusb
2026-05-29T14:18:50.392  <Info> phidget22usb[PhidgetUSBScanDevices()] : New Phidget found in PhidgetUSBBuildList: 1/6
2026-05-29T14:18:50.397  <Info> phidget22[deviceAttach()] : (Attach) 1046 (PhidgetBridge 4-Input) v102 S/N:588716
2026-05-29T14:18:50.397  <Info> phidget22usb[PhidgetUSBScanDevices()] : New Phidget found in PhidgetUSBBuildList: 1/5
2026-05-29T14:18:50.402  <Info> phidget22[deviceAttach()] : (Attach) 1046 (PhidgetBridge 4-Input) v102 S/N:582396
2026-05-29T14:18:50.402  <Info> phidget22usb[PhidgetUSBScanDevices()] : New Phidget found in PhidgetUSBBuildList: 1/4
2026-05-29T14:18:50.406  <Info> phidget22[deviceAttach()] : (Attach) 1046 (PhidgetBridge 4-Input) v102 S/N:588795
2026-05-29T14:18:50.407  <Info> phidget22usb[getReportLengths()] : Using Control Endpoint for Host->Device communication.
2026-05-29T14:18:50.408  <Info> phidget22[HandleEventsThreadFunction()] : Failed to increase priority of USB Handle Events thread: 0x01 - Operation not permitted
2026-05-29T14:18:50.408  <Info> phidget22[PhidgetUSBReadThreadFunction()] : 1046 (PhidgetBridge 4-Input) v102 S/N:588716: USB read thread started: 0xfa7bee80
2026-05-29T14:18:51.708  <Info> phidget22usb[getReportLengths()] : Using Control Endpoint for Host->Device communication.
2026-05-29T14:18:51.710  <Info> phidget22[PhidgetUSBReadThreadFunction()] : 1046 (PhidgetBridge 4-Input) v102 S/N:582396: USB read thread started: 0xf9b8ee80
2026-05-29T14:18:53.020  <Info> phidget22usb[getReportLengths()] : Using Control Endpoint for Host->Device communication.
2026-05-29T14:18:53.022  <Info> phidget22[PhidgetUSBReadThreadFunction()] : 1046 (PhidgetBridge 4-Input) v102 S/N:588795: USB read thread started: 0xf977ee80
2026-05-29T14:19:12.084  <Info> phidget22[PhidgetUSBReadThreadFunction()] : 1046 (PhidgetBridge 4-Input) v102 S/N:588795: ReadThread exiting normally (signaled by Phidget_close)
2026-05-29T14:19:12.092  <Info> phidget22[PhidgetUSBReadThreadFunction()] : 1046 (PhidgetBridge 4-Input) v102 S/N:582396: ReadThread exiting normally (signaled by Phidget_close)
2026-05-29T14:19:12.100  <Info> phidget22[PhidgetUSBReadThreadFunction()] : 1046 (PhidgetBridge 4-Input) v102 S/N:588716: ReadThread exiting normally (signaled by Phidget_close)
2026-05-29T14:19:25.273  <Info> phidget22 : 
	******************************  Logging Enabled  ******************************
	* Phidget22 - Version 1.22 - Built Sep 29 2025 12:39:17                       *
	* Release 1.22.20250714 - Linux (64-bit)                                      *
	*******************************************************************************
2026-05-29T14:19:25.273  <Info> phidget22usb[PhidgetUSBScanDevices()] : Initializing libusb
2026-05-29T14:19:25.280  <Info> phidget22usb[PhidgetUSBScanDevices()] : New Phidget found in PhidgetUSBBuildList: 1/6
2026-05-29T14:19:25.284  <Info> phidget22[deviceAttach()] : (Attach) 1046 (PhidgetBridge 4-Input) v102 S/N:588716
2026-05-29T14:19:25.284  <Info> phidget22usb[PhidgetUSBScanDevices()] : New Phidget found in PhidgetUSBBuildList: 1/5
2026-05-29T14:19:25.289  <Info> phidget22[deviceAttach()] : (Attach) 1046 (PhidgetBridge 4-Input) v102 S/N:582396
2026-05-29T14:19:25.289  <Info> phidget22usb[PhidgetUSBScanDevices()] : New Phidget found in PhidgetUSBBuildList: 1/4
2026-05-29T14:19:25.294  <Info> phidget22[deviceAttach()] : (Attach) 1046 (PhidgetBridge 4-Input) v102 S/N:588795
2026-05-29T14:19:25.294  <Info> phidget22usb[getReportLengths()] : Using Control Endpoint for Host->Device communication.
2026-05-29T14:19:25.296  <Info> phidget22[HandleEventsThreadFunction()] : Failed to increase priority of USB Handle Events thread: 0x01 - Operation not permitted
2026-05-29T14:19:25.296  <Info> phidget22[PhidgetUSBReadThreadFunction()] : 1046 (PhidgetBridge 4-Input) v102 S/N:588716: USB read thread started: 0xd055ee80
2026-05-29T14:19:26.598  <Info> phidget22usb[getReportLengths()] : Using Control Endpoint for Host->Device communication.
2026-05-29T14:19:26.599  <Info> phidget22[PhidgetUSBReadThreadFunction()] : 1046 (PhidgetBridge 4-Input) v102 S/N:582396: USB read thread started: 0xd21aee80
2026-05-29T14:19:27.910  <Info> phidget22usb[getReportLengths()] : Using Control Endpoint for Host->Device communication.
2026-05-29T14:19:27.912  <Info> phidget22[PhidgetUSBReadThreadFunction()] : 1046 (PhidgetBridge 4-Input) v102 S/N:588795: USB read thread started: 0xb33cee80
2026-05-29T14:19:33.021  <Info> phidget22[PhidgetUSBReadThreadFunction()] : 1046 (PhidgetBridge 4-Input) v102 S/N:588795: ReadThread exiting normally (signaled by Phidget_close)
2026-05-29T14:19:33.029  <Info> phidget22[PhidgetUSBReadThreadFunction()] : 1046 (PhidgetBridge 4-Input) v102 S/N:582396: ReadThread exiting normally (signaled by Phidget_close)
2026-05-29T14:19:33.037  <Info> phidget22[PhidgetUSBReadThreadFunction()] : 1046 (PhidgetBridge 4-Input) v102 S/N:588716: ReadThread exiting normally (signaled by Phidget_close)
2026-05-29T14:19:46.219  <Info> phidget22 : 
	******************************  Logging Enabled  ******************************
	* Phidget22 - Version 1.22 - Built Sep 29 2025 12:39:17                       *
	* Release 1.22.20250714 - Linux (64-bit)                                      *
	*******************************************************************************
2026-05-29T14:19:46.220  <Info> phidget22usb[PhidgetUSBScanDevices()] : Initializing libusb
2026-05-29T14:19:46.225  <Info> phidget22usb[PhidgetUSBScanDevices()] : New Phidget found in PhidgetUSBBuildList: 1/6
2026-05-29T14:19:46.230  <Info> phidget22[deviceAttach()] : (Attach) 1046 (PhidgetBridge 4-Input) v102 S/N:588716
2026-05-29T14:19:46.230  <Info> phidget22usb[PhidgetUSBScanDevices()] : New Phidget found in PhidgetUSBBuildList: 1/5
2026-05-29T14:19:46.235  <Info> phidget22[deviceAttach()] : (Attach) 1046 (PhidgetBridge 4-Input) v102 S/N:582396
2026-05-29T14:19:46.235  <Info> phidget22usb[PhidgetUSBScanDevices()] : New Phidget found in PhidgetUSBBuildList: 1/4
2026-05-29T14:19:46.240  <Info> phidget22[deviceAttach()] : (Attach) 1046 (PhidgetBridge 4-Input) v102 S/N:588795
2026-05-29T14:19:46.240  <Info> phidget22usb[getReportLengths()] : Using Control Endpoint for Host->Device communication.
2026-05-29T14:19:46.242  <Info> phidget22[HandleEventsThreadFunction()] : Failed to increase priority of USB Handle Events thread: 0x01 - Operation not permitted
2026-05-29T14:19:46.242  <Info> phidget22[PhidgetUSBReadThreadFunction()] : 1046 (PhidgetBridge 4-Input) v102 S/N:588716: USB read thread started: 0x9b7dee80
2026-05-29T14:19:47.542  <Info> phidget22usb[getReportLengths()] : Using Control Endpoint for Host->Device communication.
2026-05-29T14:19:47.544  <Info> phidget22[PhidgetUSBReadThreadFunction()] : 1046 (PhidgetBridge 4-Input) v102 S/N:582396: USB read thread started: 0xa976ee80
2026-05-29T14:19:48.855  <Info> phidget22usb[getReportLengths()] : Using Control Endpoint for Host->Device communication.
2026-05-29T14:19:48.857  <Info> phidget22[PhidgetUSBReadThreadFunction()] : 1046 (PhidgetBridge 4-Input) v102 S/N:588795: USB read thread started: 0x9abaee80
2026-05-29T14:21:09.161  <Info> phidget22[PhidgetUSBReadThreadFunction()] : 1046 (PhidgetBridge 4-Input) v102 S/N:588795: ReadThread exiting normally (signaled by Phidget_close)
2026-05-29T14:21:09.169  <Info> phidget22[PhidgetUSBReadThreadFunction()] : 1046 (PhidgetBridge 4-Input) v102 S/N:582396: ReadThread exiting normally (signaled by Phidget_close)
2026-05-29T14:21:09.177  <Info> phidget22[PhidgetUSBReadThreadFunction()] : 1046 (PhidgetBridge 4-Input) v102 S/N:588716: ReadThread exiting normally (signaled by Phidget_close)
2026-05-29T14:21:27.974  <Info> phidget22 : 
	******************************  Logging Enabled  ******************************
	* Phidget22 - Version 1.22 - Built Sep 29 2025 12:39:17                       *
	* Release 1.22.20250714 - Linux (64-bit)                                      *
	*******************************************************************************
2026-05-29T14:21:27.974  <Info> phidget22usb[PhidgetUSBScanDevices()] : Initializing libusb
2026-05-29T14:21:27.981  <Info> phidget22usb[PhidgetUSBScanDevices()] : New Phidget found in PhidgetUSBBuildList: 1/6
2026-05-29T14:21:27.986  <Info> phidget22[deviceAttach()] : (Attach) 1046 (PhidgetBridge 4-Input) v102 S/N:588716
2026-05-29T14:21:27.986  <Info> phidget22usb[PhidgetUSBScanDevices()] : New Phidget found in PhidgetUSBBuildList: 1/5
2026-05-29T14:21:27.991  <Info> phidget22[deviceAttach()] : (Attach) 1046 (PhidgetBridge 4-Input) v102 S/N:582396
2026-05-29T14:21:27.991  <Info> phidget22usb[PhidgetUSBScanDevices()] : New Phidget found in PhidgetUSBBuildList: 1/4
2026-05-29T14:21:27.996  <Info> phidget22[deviceAttach()] : (Attach) 1046 (PhidgetBridge 4-Input) v102 S/N:588795
2026-05-29T14:21:27.996  <Info> phidget22usb[getReportLengths()] : Using Control Endpoint for Host->Device communication.
2026-05-29T14:21:27.998  <Info> phidget22[HandleEventsThreadFunction()] : Failed to increase priority of USB Handle Events thread: 0x01 - Operation not permitted
2026-05-29T14:21:27.998  <Info> phidget22[PhidgetUSBReadThreadFunction()] : 1046 (PhidgetBridge 4-Input) v102 S/N:588716: USB read thread started: 0x6afcee80
2026-05-29T14:21:29.299  <Info> phidget22usb[getReportLengths()] : Using Control Endpoint for Host->Device communication.
2026-05-29T14:21:29.301  <Info> phidget22[PhidgetUSBReadThreadFunction()] : 1046 (PhidgetBridge 4-Input) v102 S/N:582396: USB read thread started: 0x6a39ee80
2026-05-29T14:21:30.611  <Info> phidget22usb[getReportLengths()] : Using Control Endpoint for Host->Device communication.
2026-05-29T14:21:30.613  <Info> phidget22[PhidgetUSBReadThreadFunction()] : 1046 (PhidgetBridge 4-Input) v102 S/N:588795: USB read thread started: 0x69f8ee80
2026-05-29T14:24:35.363  <Info> phidget22[PhidgetUSBReadThreadFunction()] : 1046 (PhidgetBridge 4-Input) v102 S/N:588795: ReadThread exiting normally (signaled by Phidget_close)
2026-05-29T14:24:35.371  <Info> phidget22[PhidgetUSBReadThreadFunction()] : 1046 (PhidgetBridge 4-Input) v102 S/N:582396: ReadThread exiting normally (signaled by Phidget_close)
2026-05-29T14:24:35.379  <Info> phidget22[PhidgetUSBReadThreadFunction()] : 1046 (PhidgetBridge 4-Input) v102 S/N:588716: ReadThread exiting normally (signaled by Phidget_close)
2026-05-29T14:24:48.556  <Info> phidget22 : 
	******************************  Logging Enabled  ******************************
	* Phidget22 - Version 1.22 - Built Sep 29 2025 12:39:17                       *
	* Release 1.22.20250714 - Linux (64-bit)                                      *
	*******************************************************************************
2026-05-29T14:24:48.556  <Info> phidget22usb[PhidgetUSBScanDevices()] : Initializing libusb
2026-05-29T14:24:48.562  <Info> phidget22usb[PhidgetUSBScanDevices()] : New Phidget found in PhidgetUSBBuildList: 1/6
2026-05-29T14:24:48.567  <Info> phidget22[deviceAttach()] : (Attach) 1046 (PhidgetBridge 4-Input) v102 S/N:588716
2026-05-29T14:24:48.567  <Info> phidget22usb[PhidgetUSBScanDevices()] : New Phidget found in PhidgetUSBBuildList: 1/5
2026-05-29T14:24:48.571  <Info> phidget22[deviceAttach()] : (Attach) 1046 (PhidgetBridge 4-Input) v102 S/N:582396
2026-05-29T14:24:48.571  <Info> phidget22usb[PhidgetUSBScanDevices()] : New Phidget found in PhidgetUSBBuildList: 1/4
2026-05-29T14:24:48.576  <Info> phidget22[deviceAttach()] : (Attach) 1046 (PhidgetBridge 4-Input) v102 S/N:588795
2026-05-29T14:24:48.576  <Info> phidget22usb[getReportLengths()] : Using Control Endpoint for Host->Device communication.
2026-05-29T14:24:48.578  <Info> phidget22[HandleEventsThreadFunction()] : Failed to increase priority of USB Handle Events thread: 0x01 - Operation not permitted
2026-05-29T14:24:48.578  <Info> phidget22[PhidgetUSBReadThreadFunction()] : 1046 (PhidgetBridge 4-Input) v102 S/N:588716: USB read thread started: 0x4e3aee80
2026-05-29T14:24:49.876  <Info> phidget22usb[getReportLengths()] : Using Control Endpoint for Host->Device communication.
2026-05-29T14:24:49.878  <Info> phidget22[PhidgetUSBReadThreadFunction()] : 1046 (PhidgetBridge 4-Input) v102 S/N:582396: USB read thread started: 0x4d77ee80
2026-05-29T14:24:51.189  <Info> phidget22usb[getReportLengths()] : Using Control Endpoint for Host->Device communication.
2026-05-29T14:24:51.191  <Info> phidget22[PhidgetUSBReadThreadFunction()] : 1046 (PhidgetBridge 4-Input) v102 S/N:588795: USB read thread started: 0x4d36ee80
2026-05-29T14:26:42.025  <Info> phidget22 : 
	******************************  Logging Enabled  ******************************
	* Phidget22 - Version 1.22 - Built Sep 29 2025 12:39:17                       *
	* Release 1.22.20250714 - Linux (64-bit)                                      *
	*******************************************************************************
2026-05-29T14:26:42.025  <Info> phidget22usb[PhidgetUSBScanDevices()] : Initializing libusb
2026-05-29T14:26:42.031  <Info> phidget22usb[PhidgetUSBScanDevices()] : New Phidget found in PhidgetUSBBuildList: 1/6
2026-05-29T14:26:42.035  <Info> phidget22[deviceAttach()] : (Attach) 1046 (PhidgetBridge 4-Input) v102 S/N:588716
2026-05-29T14:26:42.036  <Info> phidget22usb[PhidgetUSBScanDevices()] : New Phidget found in PhidgetUSBBuildList: 1/5
2026-05-29T14:26:42.040  <Info> phidget22[deviceAttach()] : (Attach) 1046 (PhidgetBridge 4-Input) v102 S/N:582396
2026-05-29T14:26:42.040  <Info> phidget22usb[PhidgetUSBScanDevices()] : New Phidget found in PhidgetUSBBuildList: 1/4
2026-05-29T14:26:42.045  <Info> phidget22[deviceAttach()] : (Attach) 1046 (PhidgetBridge 4-Input) v102 S/N:588795
2026-05-29T14:26:42.045  <Info> phidget22usb[getReportLengths()] : Using Control Endpoint for Host->Device communication.
2026-05-29T14:26:42.047  <Info> phidget22[HandleEventsThreadFunction()] : Failed to increase priority of USB Handle Events thread: 0x01 - Operation not permitted
2026-05-29T14:26:42.047  <Info> phidget22[PhidgetUSBReadThreadFunction()] : 1046 (PhidgetBridge 4-Input) v102 S/N:588716: USB read thread started: 0x40a6ee80
2026-05-29T14:26:42.069  <Info> phidget22usb[getReportLengths()] : Using Control Endpoint for Host->Device communication.
2026-05-29T14:26:42.071  <Info> phidget22[PhidgetUSBReadThreadFunction()] : 1046 (PhidgetBridge 4-Input) v102 S/N:582396: USB read thread started: 0x237dee80
2026-05-29T14:26:42.093  <Info> phidget22usb[getReportLengths()] : Using Control Endpoint for Host->Device communication.
2026-05-29T14:26:42.095  <Info> phidget22[PhidgetUSBReadThreadFunction()] : 1046 (PhidgetBridge 4-Input) v102 S/N:588795: USB read thread started: 0x233cee80
2026-05-29T15:06:45.688  <Info> phidget22[PhidgetUSBReadThreadFunction()] : 1046 (PhidgetBridge 4-Input) v102 S/N:588795: ReadThread exiting normally (signaled by Phidget_close)
2026-05-29T15:06:45.696  <Info> phidget22[PhidgetUSBReadThreadFunction()] : 1046 (PhidgetBridge 4-Input) v102 S/N:582396: ReadThread exiting normally (signaled by Phidget_close)
2026-05-29T15:06:45.704  <Info> phidget22[PhidgetUSBReadThreadFunction()] : 1046 (PhidgetBridge 4-Input) v102 S/N:588716: ReadThread exiting normally (signaled by Phidget_close)
2026-05-29T15:07:19.918  <Info> phidget22 : 
	******************************  Logging Enabled  ******************************
	* Phidget22 - Version 1.22 - Built Sep 29 2025 12:39:17                       *
	* Release 1.22.20250714 - Linux (64-bit)                                      *
	*******************************************************************************
2026-05-29T15:07:19.919  <Info> phidget22usb[PhidgetUSBScanDevices()] : Initializing libusb
2026-05-29T15:07:19.925  <Info> phidget22usb[PhidgetUSBScanDevices()] : New Phidget found in PhidgetUSBBuildList: 1/6
2026-05-29T15:07:19.929  <Info> phidget22[deviceAttach()] : (Attach) 1046 (PhidgetBridge 4-Input) v102 S/N:588716
2026-05-29T15:07:19.929  <Info> phidget22usb[PhidgetUSBScanDevices()] : New Phidget found in PhidgetUSBBuildList: 1/5
2026-05-29T15:07:19.934  <Info> phidget22[deviceAttach()] : (Attach) 1046 (PhidgetBridge 4-Input) v102 S/N:582396
2026-05-29T15:07:19.934  <Info> phidget22usb[PhidgetUSBScanDevices()] : New Phidget found in PhidgetUSBBuildList: 1/4
2026-05-29T15:07:19.939  <Info> phidget22[deviceAttach()] : (Attach) 1046 (PhidgetBridge 4-Input) v102 S/N:588795
2026-05-29T15:07:19.939  <Info> phidget22usb[getReportLengths()] : Using Control Endpoint for Host->Device communication.
2026-05-29T15:07:19.941  <Info> phidget22[HandleEventsThreadFunction()] : Failed to increase priority of USB Handle Events thread: 0x01 - Operation not permitted
2026-05-29T15:07:19.941  <Info> phidget22[PhidgetUSBReadThreadFunction()] : 1046 (PhidgetBridge 4-Input) v102 S/N:588716: USB read thread started: 0xdc58ee80
2026-05-29T15:07:21.250  <Info> phidget22usb[getReportLengths()] : Using Control Endpoint for Host->Device communication.
2026-05-29T15:07:21.252  <Info> phidget22[PhidgetUSBReadThreadFunction()] : 1046 (PhidgetBridge 4-Input) v102 S/N:582396: USB read thread started: 0xde1dee80
2026-05-29T15:07:22.562  <Info> phidget22usb[getReportLengths()] : Using Control Endpoint for Host->Device communication.
2026-05-29T15:07:22.564  <Info> phidget22[PhidgetUSBReadThreadFunction()] : 1046 (PhidgetBridge 4-Input) v102 S/N:588795: USB read thread started: 0xbf7dee80
2026-05-29T15:08:33.913  <Info> phidget22[PhidgetUSBReadThreadFunction()] : 1046 (PhidgetBridge 4-Input) v102 S/N:588795: ReadThread exiting normally (signaled by Phidget_close)
2026-05-29T15:08:33.917  <Info> phidget22[PhidgetUSBReadThreadFunction()] : 1046 (PhidgetBridge 4-Input) v102 S/N:582396: ReadThread exiting normally (signaled by Phidget_close)
2026-05-29T15:08:33.925  <Info> phidget22[PhidgetUSBReadThreadFunction()] : 1046 (PhidgetBridge 4-Input) v102 S/N:588716: ReadThread exiting normally (signaled by Phidget_close)
2026-05-29T15:09:05.207  <Info> phidget22 : 
	******************************  Logging Enabled  ******************************
	* Phidget22 - Version 1.22 - Built Sep 29 2025 12:39:17                       *
	* Release 1.22.20250714 - Linux (64-bit)                                      *
	*******************************************************************************
2026-05-29T15:09:05.207  <Info> phidget22usb[PhidgetUSBScanDevices()] : Initializing libusb
2026-05-29T15:09:05.213  <Info> phidget22usb[PhidgetUSBScanDevices()] : New Phidget found in PhidgetUSBBuildList: 1/6
2026-05-29T15:09:05.218  <Info> phidget22[deviceAttach()] : (Attach) 1046 (PhidgetBridge 4-Input) v102 S/N:588716
2026-05-29T15:09:05.218  <Info> phidget22usb[PhidgetUSBScanDevices()] : New Phidget found in PhidgetUSBBuildList: 1/5
2026-05-29T15:09:05.222  <Info> phidget22[deviceAttach()] : (Attach) 1046 (PhidgetBridge 4-Input) v102 S/N:582396
2026-05-29T15:09:05.222  <Info> phidget22usb[PhidgetUSBScanDevices()] : New Phidget found in PhidgetUSBBuildList: 1/4
2026-05-29T15:09:05.227  <Info> phidget22[deviceAttach()] : (Attach) 1046 (PhidgetBridge 4-Input) v102 S/N:588795
2026-05-29T15:09:05.227  <Info> phidget22usb[getReportLengths()] : Using Control Endpoint for Host->Device communication.
2026-05-29T15:09:05.229  <Info> phidget22[HandleEventsThreadFunction()] : Failed to increase priority of USB Handle Events thread: 0x01 - Operation not permitted
2026-05-29T15:09:05.229  <Info> phidget22[PhidgetUSBReadThreadFunction()] : 1046 (PhidgetBridge 4-Input) v102 S/N:588716: USB read thread started: 0x0e18ee80
2026-05-29T15:09:06.527  <Info> phidget22usb[getReportLengths()] : Using Control Endpoint for Host->Device communication.
2026-05-29T15:09:06.529  <Info> phidget22[PhidgetUSBReadThreadFunction()] : 1046 (PhidgetBridge 4-Input) v102 S/N:582396: USB read thread started: 0x0fddee80
2026-05-29T15:09:07.839  <Info> phidget22usb[getReportLengths()] : Using Control Endpoint for Host->Device communication.
2026-05-29T15:09:07.841  <Info> phidget22[PhidgetUSBReadThreadFunction()] : 1046 (PhidgetBridge 4-Input) v102 S/N:588795: USB read thread started: 0x0d14ee80
2026-05-29T15:10:44.175  <Info> phidget22 : 
	******************************  Logging Enabled  ******************************
	* Phidget22 - Version 1.22 - Built Sep 29 2025 12:39:17                       *
	* Release 1.22.20250714 - Linux (64-bit)                                      *
	*******************************************************************************
2026-05-29T15:10:44.175  <Info> phidget22usb[PhidgetUSBScanDevices()] : Initializing libusb
2026-05-29T15:10:44.181  <Info> phidget22usb[PhidgetUSBScanDevices()] : New Phidget found in PhidgetUSBBuildList: 1/6
2026-05-29T15:10:44.186  <Info> phidget22[deviceAttach()] : (Attach) 1046 (PhidgetBridge 4-Input) v102 S/N:588716
2026-05-29T15:10:44.186  <Info> phidget22usb[PhidgetUSBScanDevices()] : New Phidget found in PhidgetUSBBuildList: 1/5
2026-05-29T15:10:44.191  <Info> phidget22[deviceAttach()] : (Attach) 1046 (PhidgetBridge 4-Input) v102 S/N:582396
2026-05-29T15:10:44.191  <Info> phidget22usb[PhidgetUSBScanDevices()] : New Phidget found in PhidgetUSBBuildList: 1/4
2026-05-29T15:10:44.196  <Info> phidget22[deviceAttach()] : (Attach) 1046 (PhidgetBridge 4-Input) v102 S/N:588795
2026-05-29T15:10:44.196  <Info> phidget22usb[getReportLengths()] : Using Control Endpoint for Host->Device communication.
2026-05-29T15:10:44.198  <Info> phidget22[HandleEventsThreadFunction()] : Failed to increase priority of USB Handle Events thread: 0x01 - Operation not permitted
2026-05-29T15:10:44.198  <Info> phidget22[PhidgetUSBReadThreadFunction()] : 1046 (PhidgetBridge 4-Input) v102 S/N:588716: USB read thread started: 0xe23aee80
2026-05-29T15:10:44.223  <Info> phidget22usb[getReportLengths()] : Using Control Endpoint for Host->Device communication.
2026-05-29T15:10:44.224  <Info> phidget22[PhidgetUSBReadThreadFunction()] : 1046 (PhidgetBridge 4-Input) v102 S/N:582396: USB read thread started: 0xe136ee80
2026-05-29T15:10:44.247  <Info> phidget22usb[getReportLengths()] : Using Control Endpoint for Host->Device communication.
2026-05-29T15:10:44.248  <Info> phidget22[PhidgetUSBReadThreadFunction()] : 1046 (PhidgetBridge 4-Input) v102 S/N:588795: USB read thread started: 0xe0f5ee80
2026-05-29T15:11:23.654  <Info> phidget22 : 
	******************************  Logging Enabled  ******************************
	* Phidget22 - Version 1.22 - Built Sep 29 2025 12:39:17                       *
	* Release 1.22.20250714 - Linux (64-bit)                                      *
	*******************************************************************************
2026-05-29T15:11:23.654  <Info> phidget22usb[PhidgetUSBScanDevices()] : Initializing libusb
2026-05-29T15:11:23.659  <Info> phidget22usb[PhidgetUSBScanDevices()] : New Phidget found in PhidgetUSBBuildList: 1/6
2026-05-29T15:11:23.664  <Info> phidget22[deviceAttach()] : (Attach) 1046 (PhidgetBridge 4-Input) v102 S/N:588716
2026-05-29T15:11:23.664  <Info> phidget22usb[PhidgetUSBScanDevices()] : New Phidget found in PhidgetUSBBuildList: 1/5
2026-05-29T15:11:23.669  <Info> phidget22[deviceAttach()] : (Attach) 1046 (PhidgetBridge 4-Input) v102 S/N:582396
2026-05-29T15:11:23.669  <Info> phidget22usb[PhidgetUSBScanDevices()] : New Phidget found in PhidgetUSBBuildList: 1/4
2026-05-29T15:11:23.673  <Info> phidget22[deviceAttach()] : (Attach) 1046 (PhidgetBridge 4-Input) v102 S/N:588795
2026-05-29T15:11:23.674  <Info> phidget22usb[getReportLengths()] : Using Control Endpoint for Host->Device communication.
2026-05-29T15:11:23.675  <Info> phidget22[HandleEventsThreadFunction()] : Failed to increase priority of USB Handle Events thread: 0x01 - Operation not permitted
2026-05-29T15:11:23.675  <Info> phidget22[PhidgetUSBReadThreadFunction()] : 1046 (PhidgetBridge 4-Input) v102 S/N:588716: USB read thread started: 0x0ebbee80
2026-05-29T15:11:23.696  <Info> phidget22usb[getReportLengths()] : Using Control Endpoint for Host->Device communication.
2026-05-29T15:11:23.698  <Info> phidget22[PhidgetUSBReadThreadFunction()] : 1046 (PhidgetBridge 4-Input) v102 S/N:582396: USB read thread started: 0x0db7ee80
2026-05-29T15:11:23.720  <Info> phidget22usb[getReportLengths()] : Using Control Endpoint for Host->Device communication.
2026-05-29T15:11:23.722  <Info> phidget22[PhidgetUSBReadThreadFunction()] : 1046 (PhidgetBridge 4-Input) v102 S/N:588795: USB read thread started: 0x0d76ee80
2026-05-29T15:14:02.074  <Info> phidget22 : 
	******************************  Logging Enabled  ******************************
	* Phidget22 - Version 1.22 - Built Sep 29 2025 12:39:17                       *
	* Release 1.22.20250714 - Linux (64-bit)                                      *
	*******************************************************************************
2026-05-29T15:14:02.074  <Info> phidget22usb[PhidgetUSBScanDevices()] : Initializing libusb
2026-05-29T15:14:02.080  <Info> phidget22usb[PhidgetUSBScanDevices()] : New Phidget found in PhidgetUSBBuildList: 1/6
2026-05-29T15:14:02.085  <Info> phidget22[deviceAttach()] : (Attach) 1046 (PhidgetBridge 4-Input) v102 S/N:588716
2026-05-29T15:14:02.085  <Info> phidget22usb[PhidgetUSBScanDevices()] : New Phidget found in PhidgetUSBBuildList: 1/5
2026-05-29T15:14:02.089  <Info> phidget22[deviceAttach()] : (Attach) 1046 (PhidgetBridge 4-Input) v102 S/N:582396
2026-05-29T15:14:02.089  <Info> phidget22usb[PhidgetUSBScanDevices()] : New Phidget found in PhidgetUSBBuildList: 1/4
2026-05-29T15:14:02.094  <Info> phidget22[deviceAttach()] : (Attach) 1046 (PhidgetBridge 4-Input) v102 S/N:588795
2026-05-29T15:14:02.094  <Info> phidget22usb[getReportLengths()] : Using Control Endpoint for Host->Device communication.
2026-05-29T15:14:02.096  <Info> phidget22[HandleEventsThreadFunction()] : Failed to increase priority of USB Handle Events thread: 0x01 - Operation not permitted
2026-05-29T15:14:02.096  <Info> phidget22[PhidgetUSBReadThreadFunction()] : 1046 (PhidgetBridge 4-Input) v102 S/N:588716: USB read thread started: 0x5d33ee80
2026-05-29T15:14:02.120  <Info> phidget22usb[getReportLengths()] : Using Control Endpoint for Host->Device communication.
2026-05-29T15:14:02.122  <Info> phidget22[PhidgetUSBReadThreadFunction()] : 1046 (PhidgetBridge 4-Input) v102 S/N:582396: USB read thread started: 0x5c70ee80
2026-05-29T15:14:02.144  <Info> phidget22usb[getReportLengths()] : Using Control Endpoint for Host->Device communication.
2026-05-29T15:14:02.146  <Info> phidget22[PhidgetUSBReadThreadFunction()] : 1046 (PhidgetBridge 4-Input) v102 S/N:588795: USB read thread started: 0x3bffee80
2026-05-29T15:14:39.149  <Info> phidget22[PhidgetUSBReadThreadFunction()] : 1046 (PhidgetBridge 4-Input) v102 S/N:588795: ReadThread exiting normally (signaled by Phidget_close)
2026-05-29T15:14:39.157  <Info> phidget22[PhidgetUSBReadThreadFunction()] : 1046 (PhidgetBridge 4-Input) v102 S/N:582396: ReadThread exiting normally (signaled by Phidget_close)
2026-05-29T15:14:39.165  <Info> phidget22[PhidgetUSBReadThreadFunction()] : 1046 (PhidgetBridge 4-Input) v102 S/N:588716: ReadThread exiting normally (signaled by Phidget_close)
2026-05-29T15:19:05.254  <Info> phidget22 : 
	******************************  Logging Enabled  ******************************
	* Phidget22 - Version 1.22 - Built Sep 29 2025 12:39:17                       *
	* Release 1.22.20250714 - Linux (64-bit)                                      *
	*******************************************************************************
2026-05-29T15:19:05.254  <Info> phidget22usb[PhidgetUSBScanDevices()] : Initializing libusb
2026-05-29T15:19:05.260  <Info> phidget22usb[PhidgetUSBScanDevices()] : New Phidget found in PhidgetUSBBuildList: 1/6
2026-05-29T15:19:05.265  <Info> phidget22[deviceAttach()] : (Attach) 1046 (PhidgetBridge 4-Input) v102 S/N:588716
2026-05-29T15:19:05.265  <Info> phidget22usb[PhidgetUSBScanDevices()] : New Phidget found in PhidgetUSBBuildList: 1/5
2026-05-29T15:19:05.269  <Info> phidget22[deviceAttach()] : (Attach) 1046 (PhidgetBridge 4-Input) v102 S/N:582396
2026-05-29T15:19:05.269  <Info> phidget22usb[PhidgetUSBScanDevices()] : New Phidget found in PhidgetUSBBuildList: 1/4
2026-05-29T15:19:05.274  <Info> phidget22[deviceAttach()] : (Attach) 1046 (PhidgetBridge 4-Input) v102 S/N:588795
2026-05-29T15:19:05.274  <Info> phidget22usb[getReportLengths()] : Using Control Endpoint for Host->Device communication.
2026-05-29T15:19:05.276  <Info> phidget22[HandleEventsThreadFunction()] : Failed to increase priority of USB Handle Events thread: 0x01 - Operation not permitted
2026-05-29T15:19:05.276  <Info> phidget22[PhidgetUSBReadThreadFunction()] : 1046 (PhidgetBridge 4-Input) v102 S/N:588716: USB read thread started: 0x1942ee80
2026-05-29T15:19:06.587  <Info> phidget22usb[getReportLengths()] : Using Control Endpoint for Host->Device communication.
2026-05-29T15:19:06.589  <Info> phidget22[PhidgetUSBReadThreadFunction()] : 1046 (PhidgetBridge 4-Input) v102 S/N:582396: USB read thread started: 0x1b07ee80
2026-05-29T15:19:07.891  <Info> phidget22usb[getReportLengths()] : Using Control Endpoint for Host->Device communication.
2026-05-29T15:19:07.893  <Info> phidget22[PhidgetUSBReadThreadFunction()] : 1046 (PhidgetBridge 4-Input) v102 S/N:588795: USB read thread started: 0x187fee80
2026-05-29T15:22:50.767  <Info> phidget22 : 
	******************************  Logging Enabled  ******************************
	* Phidget22 - Version 1.22 - Built Sep 29 2025 12:39:17                       *
	* Release 1.22.20250714 - Linux (64-bit)                                      *
	*******************************************************************************
2026-05-29T15:22:50.767  <Info> phidget22usb[PhidgetUSBScanDevices()] : Initializing libusb
2026-05-29T15:22:50.772  <Info> phidget22usb[PhidgetUSBScanDevices()] : New Phidget found in PhidgetUSBBuildList: 1/6
2026-05-29T15:22:50.777  <Info> phidget22[deviceAttach()] : (Attach) 1046 (PhidgetBridge 4-Input) v102 S/N:588716
2026-05-29T15:22:50.777  <Info> phidget22usb[PhidgetUSBScanDevices()] : New Phidget found in PhidgetUSBBuildList: 1/5
2026-05-29T15:22:50.782  <Info> phidget22[deviceAttach()] : (Attach) 1046 (PhidgetBridge 4-Input) v102 S/N:582396
2026-05-29T15:22:50.782  <Info> phidget22usb[PhidgetUSBScanDevices()] : New Phidget found in PhidgetUSBBuildList: 1/4
2026-05-29T15:22:50.787  <Info> phidget22[deviceAttach()] : (Attach) 1046 (PhidgetBridge 4-Input) v102 S/N:588795
2026-05-29T15:22:50.787  <Info> phidget22usb[getReportLengths()] : Using Control Endpoint for Host->Device communication.
2026-05-29T15:22:50.789  <Info> phidget22[HandleEventsThreadFunction()] : Failed to increase priority of USB Handle Events thread: 0x01 - Operation not permitted
2026-05-29T15:22:50.789  <Info> phidget22[PhidgetUSBReadThreadFunction()] : 1046 (PhidgetBridge 4-Input) v102 S/N:588716: USB read thread started: 0x6afcee80
2026-05-29T15:22:50.816  <Info> phidget22usb[getReportLengths()] : Using Control Endpoint for Host->Device communication.
2026-05-29T15:22:50.818  <Info> phidget22[PhidgetUSBReadThreadFunction()] : 1046 (PhidgetBridge 4-Input) v102 S/N:582396: USB read thread started: 0x69f8ee80
2026-05-29T15:22:50.840  <Info> phidget22usb[getReportLengths()] : Using Control Endpoint for Host->Device communication.
2026-05-29T15:22:50.842  <Info> phidget22[PhidgetUSBReadThreadFunction()] : 1046 (PhidgetBridge 4-Input) v102 S/N:588795: USB read thread started: 0x69b7ee80
2026-05-29T15:23:30.294  <Info> phidget22 : 
	******************************  Logging Enabled  ******************************
	* Phidget22 - Version 1.22 - Built Sep 29 2025 12:39:17                       *
	* Release 1.22.20250714 - Linux (64-bit)                                      *
	*******************************************************************************
2026-05-29T15:23:30.294  <Info> phidget22usb[PhidgetUSBScanDevices()] : Initializing libusb
2026-05-29T15:23:30.300  <Info> phidget22usb[PhidgetUSBScanDevices()] : New Phidget found in PhidgetUSBBuildList: 1/6
2026-05-29T15:23:30.305  <Info> phidget22[deviceAttach()] : (Attach) 1046 (PhidgetBridge 4-Input) v102 S/N:588716
2026-05-29T15:23:30.305  <Info> phidget22usb[PhidgetUSBScanDevices()] : New Phidget found in PhidgetUSBBuildList: 1/5
2026-05-29T15:23:30.310  <Info> phidget22[deviceAttach()] : (Attach) 1046 (PhidgetBridge 4-Input) v102 S/N:582396
2026-05-29T15:23:30.310  <Info> phidget22usb[PhidgetUSBScanDevices()] : New Phidget found in PhidgetUSBBuildList: 1/4
2026-05-29T15:23:30.314  <Info> phidget22[deviceAttach()] : (Attach) 1046 (PhidgetBridge 4-Input) v102 S/N:588795
2026-05-29T15:23:30.314  <Info> phidget22usb[getReportLengths()] : Using Control Endpoint for Host->Device communication.
2026-05-29T15:23:30.316  <Info> phidget22[HandleEventsThreadFunction()] : Failed to increase priority of USB Handle Events thread: 0x01 - Operation not permitted
2026-05-29T15:23:30.316  <Info> phidget22[PhidgetUSBReadThreadFunction()] : 1046 (PhidgetBridge 4-Input) v102 S/N:588716: USB read thread started: 0xfa3aee80
2026-05-29T15:23:30.338  <Info> phidget22usb[getReportLengths()] : Using Control Endpoint for Host->Device communication.
2026-05-29T15:23:30.340  <Info> phidget22[PhidgetUSBReadThreadFunction()] : 1046 (PhidgetBridge 4-Input) v102 S/N:582396: USB read thread started: 0xf936ee80
2026-05-29T15:23:30.362  <Info> phidget22usb[getReportLengths()] : Using Control Endpoint for Host->Device communication.
2026-05-29T15:23:30.364  <Info> phidget22[PhidgetUSBReadThreadFunction()] : 1046 (PhidgetBridge 4-Input) v102 S/N:588795: USB read thread started: 0xf8f5ee80
2026-05-29T15:26:23.318  <Info> phidget22 : 
	******************************  Logging Enabled  ******************************
	* Phidget22 - Version 1.22 - Built Sep 29 2025 12:39:17                       *
	* Release 1.22.20250714 - Linux (64-bit)                                      *
	*******************************************************************************
2026-05-29T15:26:23.319  <Info> phidget22usb[PhidgetUSBScanDevices()] : Initializing libusb
2026-05-29T15:26:23.324  <Info> phidget22usb[PhidgetUSBScanDevices()] : New Phidget found in PhidgetUSBBuildList: 1/6
2026-05-29T15:26:23.329  <Info> phidget22[deviceAttach()] : (Attach) 1046 (PhidgetBridge 4-Input) v102 S/N:588716
2026-05-29T15:26:23.329  <Info> phidget22usb[PhidgetUSBScanDevices()] : New Phidget found in PhidgetUSBBuildList: 1/5
2026-05-29T15:26:23.334  <Info> phidget22[deviceAttach()] : (Attach) 1046 (PhidgetBridge 4-Input) v102 S/N:582396
2026-05-29T15:26:23.334  <Info> phidget22usb[PhidgetUSBScanDevices()] : New Phidget found in PhidgetUSBBuildList: 1/4
2026-05-29T15:26:23.338  <Info> phidget22[deviceAttach()] : (Attach) 1046 (PhidgetBridge 4-Input) v102 S/N:588795
2026-05-29T15:26:23.338  <Info> phidget22usb[getReportLengths()] : Using Control Endpoint for Host->Device communication.
2026-05-29T15:26:23.340  <Info> phidget22[HandleEventsThreadFunction()] : Failed to increase priority of USB Handle Events thread: 0x01 - Operation not permitted
2026-05-29T15:26:23.340  <Info> phidget22[PhidgetUSBReadThreadFunction()] : 1046 (PhidgetBridge 4-Input) v102 S/N:588716: USB read thread started: 0x1d16ee80
2026-05-29T15:26:23.362  <Info> phidget22usb[getReportLengths()] : Using Control Endpoint for Host->Device communication.
2026-05-29T15:26:23.364  <Info> phidget22[PhidgetUSBReadThreadFunction()] : 1046 (PhidgetBridge 4-Input) v102 S/N:582396: USB read thread started: 0xfbffee80
2026-05-29T15:26:23.386  <Info> phidget22usb[getReportLengths()] : Using Control Endpoint for Host->Device communication.
2026-05-29T15:26:23.388  <Info> phidget22[PhidgetUSBReadThreadFunction()] : 1046 (PhidgetBridge 4-Input) v102 S/N:588795: USB read thread started: 0xfbbeee80
2026-05-29T15:28:13.720  <Info> phidget22 : 
	******************************  Logging Enabled  ******************************
	* Phidget22 - Version 1.22 - Built Sep 29 2025 12:39:17                       *
	* Release 1.22.20250714 - Linux (64-bit)                                      *
	*******************************************************************************
2026-05-29T15:28:13.720  <Info> phidget22usb[PhidgetUSBScanDevices()] : Initializing libusb
2026-05-29T15:28:13.726  <Info> phidget22usb[PhidgetUSBScanDevices()] : New Phidget found in PhidgetUSBBuildList: 1/6
2026-05-29T15:28:13.731  <Info> phidget22[deviceAttach()] : (Attach) 1046 (PhidgetBridge 4-Input) v102 S/N:588716
2026-05-29T15:28:13.731  <Info> phidget22usb[PhidgetUSBScanDevices()] : New Phidget found in PhidgetUSBBuildList: 1/5
2026-05-29T15:28:13.735  <Info> phidget22[deviceAttach()] : (Attach) 1046 (PhidgetBridge 4-Input) v102 S/N:582396
2026-05-29T15:28:13.736  <Info> phidget22usb[PhidgetUSBScanDevices()] : New Phidget found in PhidgetUSBBuildList: 1/4
2026-05-29T15:28:13.740  <Info> phidget22[deviceAttach()] : (Attach) 1046 (PhidgetBridge 4-Input) v102 S/N:588795
2026-05-29T15:28:13.740  <Info> phidget22usb[getReportLengths()] : Using Control Endpoint for Host->Device communication.
2026-05-29T15:28:13.742  <Info> phidget22[HandleEventsThreadFunction()] : Failed to increase priority of USB Handle Events thread: 0x01 - Operation not permitted
2026-05-29T15:28:13.742  <Info> phidget22[PhidgetUSBReadThreadFunction()] : 1046 (PhidgetBridge 4-Input) v102 S/N:588716: USB read thread started: 0x7afcee80
2026-05-29T15:28:13.767  <Info> phidget22usb[getReportLengths()] : Using Control Endpoint for Host->Device communication.
2026-05-29T15:28:13.769  <Info> phidget22[PhidgetUSBReadThreadFunction()] : 1046 (PhidgetBridge 4-Input) v102 S/N:582396: USB read thread started: 0x79f8ee80
2026-05-29T15:28:13.791  <Info> phidget22usb[getReportLengths()] : Using Control Endpoint for Host->Device communication.
2026-05-29T15:28:13.793  <Info> phidget22[PhidgetUSBReadThreadFunction()] : 1046 (PhidgetBridge 4-Input) v102 S/N:588795: USB read thread started: 0x79b7ee80
2026-05-29T15:29:34.283  <Info> phidget22 : 
	******************************  Logging Enabled  ******************************
	* Phidget22 - Version 1.22 - Built Sep 29 2025 12:39:17                       *
	* Release 1.22.20250714 - Linux (64-bit)                                      *
	*******************************************************************************
2026-05-29T15:29:34.283  <Info> phidget22usb[PhidgetUSBScanDevices()] : Initializing libusb
2026-05-29T15:29:34.291  <Info> phidget22usb[PhidgetUSBScanDevices()] : New Phidget found in PhidgetUSBBuildList: 1/6
2026-05-29T15:29:34.296  <Info> phidget22[deviceAttach()] : (Attach) 1046 (PhidgetBridge 4-Input) v102 S/N:588716
2026-05-29T15:29:34.296  <Info> phidget22usb[PhidgetUSBScanDevices()] : New Phidget found in PhidgetUSBBuildList: 1/5
2026-05-29T15:29:34.301  <Info> phidget22[deviceAttach()] : (Attach) 1046 (PhidgetBridge 4-Input) v102 S/N:582396
2026-05-29T15:29:34.301  <Info> phidget22usb[PhidgetUSBScanDevices()] : New Phidget found in PhidgetUSBBuildList: 1/4
2026-05-29T15:29:34.306  <Info> phidget22[deviceAttach()] : (Attach) 1046 (PhidgetBridge 4-Input) v102 S/N:588795
2026-05-29T15:29:34.306  <Info> phidget22usb[getReportLengths()] : Using Control Endpoint for Host->Device communication.
2026-05-29T15:29:34.308  <Info> phidget22[HandleEventsThreadFunction()] : Failed to increase priority of USB Handle Events thread: 0x01 - Operation not permitted
2026-05-29T15:29:34.308  <Info> phidget22[PhidgetUSBReadThreadFunction()] : 1046 (PhidgetBridge 4-Input) v102 S/N:588716: USB read thread started: 0xa1b4ee80
2026-05-29T15:29:34.332  <Info> phidget22usb[getReportLengths()] : Using Control Endpoint for Host->Device communication.
2026-05-29T15:29:34.334  <Info> phidget22[PhidgetUSBReadThreadFunction()] : 1046 (PhidgetBridge 4-Input) v102 S/N:582396: USB read thread started: 0x77ffee80
2026-05-29T15:29:34.355  <Info> phidget22usb[getReportLengths()] : Using Control Endpoint for Host->Device communication.
2026-05-29T15:29:34.357  <Info> phidget22[PhidgetUSBReadThreadFunction()] : 1046 (PhidgetBridge 4-Input) v102 S/N:588795: USB read thread started: 0x77beee80
2026-05-29T15:30:35.585  <Info> phidget22[PhidgetUSBReadThreadFunction()] : 1046 (PhidgetBridge 4-Input) v102 S/N:588795: ReadThread exiting normally (signaled by Phidget_close)
2026-05-29T15:30:35.593  <Info> phidget22[PhidgetUSBReadThreadFunction()] : 1046 (PhidgetBridge 4-Input) v102 S/N:582396: ReadThread exiting normally (signaled by Phidget_close)
2026-05-29T15:30:35.601  <Info> phidget22[PhidgetUSBReadThreadFunction()] : 1046 (PhidgetBridge 4-Input) v102 S/N:588716: ReadThread exiting normally (signaled by Phidget_close)
2026-05-29T15:32:32.133  <Info> phidget22 : 
	******************************  Logging Enabled  ******************************
	* Phidget22 - Version 1.22 - Built Sep 29 2025 12:39:17                       *
	* Release 1.22.20250714 - Linux (64-bit)                                      *
	*******************************************************************************
2026-05-29T15:32:32.135  <Info> phidget22usb[PhidgetUSBScanDevices()] : Initializing libusb
2026-05-29T15:32:32.143  <Info> phidget22usb[PhidgetUSBScanDevices()] : New Phidget found in PhidgetUSBBuildList: 1/6
2026-05-29T15:32:32.148  <Info> phidget22[deviceAttach()] : (Attach) 1046 (PhidgetBridge 4-Input) v102 S/N:588716
2026-05-29T15:32:32.148  <Info> phidget22usb[PhidgetUSBScanDevices()] : New Phidget found in PhidgetUSBBuildList: 1/5
2026-05-29T15:32:32.153  <Info> phidget22[deviceAttach()] : (Attach) 1046 (PhidgetBridge 4-Input) v102 S/N:582396
2026-05-29T15:32:32.153  <Info> phidget22usb[PhidgetUSBScanDevices()] : New Phidget found in PhidgetUSBBuildList: 1/4
2026-05-29T15:32:32.158  <Info> phidget22[deviceAttach()] : (Attach) 1046 (PhidgetBridge 4-Input) v102 S/N:588795
2026-05-29T15:32:32.158  <Info> phidget22usb[getReportLengths()] : Using Control Endpoint for Host->Device communication.
2026-05-29T15:32:32.160  <Info> phidget22[HandleEventsThreadFunction()] : Failed to increase priority of USB Handle Events thread: 0x01 - Operation not permitted
2026-05-29T15:32:32.160  <Info> phidget22[PhidgetUSBReadThreadFunction()] : 1046 (PhidgetBridge 4-Input) v102 S/N:588716: USB read thread started: 0x4bffee80
2026-05-29T15:32:33.464  <Info> phidget22usb[getReportLengths()] : Using Control Endpoint for Host->Device communication.
2026-05-29T15:32:33.466  <Info> phidget22[PhidgetUSBReadThreadFunction()] : 1046 (PhidgetBridge 4-Input) v102 S/N:582396: USB read thread started: 0x61ffee80
2026-05-29T15:32:34.776  <Info> phidget22usb[getReportLengths()] : Using Control Endpoint for Host->Device communication.
2026-05-29T15:32:34.778  <Info> phidget22[PhidgetUSBReadThreadFunction()] : 1046 (PhidgetBridge 4-Input) v102 S/N:588795: USB read thread started: 0x4afbee80
2026-05-29T15:32:39.140  <Info> phidget22 : 
	******************************  Logging Enabled  ******************************
	* Phidget22 - Version 1.22 - Built Sep 29 2025 12:39:17                       *
	* Release 1.22.20250714 - Linux (64-bit)                                      *
	*******************************************************************************
2026-05-29T15:32:39.141  <Info> phidget22usb[PhidgetUSBScanDevices()] : Initializing libusb
2026-05-29T15:32:39.148  <Info> phidget22usb[PhidgetUSBScanDevices()] : New Phidget found in PhidgetUSBBuildList: 1/6
2026-05-29T15:32:39.153  <Info> phidget22[deviceAttach()] : (Attach) 1046 (PhidgetBridge 4-Input) v102 S/N:588716
2026-05-29T15:32:39.153  <Info> phidget22usb[PhidgetUSBScanDevices()] : New Phidget found in PhidgetUSBBuildList: 1/5
2026-05-29T15:32:39.158  <Info> phidget22[deviceAttach()] : (Attach) 1046 (PhidgetBridge 4-Input) v102 S/N:582396
2026-05-29T15:32:39.158  <Info> phidget22usb[PhidgetUSBScanDevices()] : New Phidget found in PhidgetUSBBuildList: 1/4
2026-05-29T15:32:39.164  <Info> phidget22[deviceAttach()] : (Attach) 1046 (PhidgetBridge 4-Input) v102 S/N:588795
2026-05-29T15:32:39.164  <Info> phidget22usb[getReportLengths()] : Using Control Endpoint for Host->Device communication.
2026-05-29T15:32:39.166  <Info> phidget22[HandleEventsThreadFunction()] : Failed to increase priority of USB Handle Events thread: 0x01 - Operation not permitted
2026-05-29T15:32:39.166  <Info> phidget22[PhidgetUSBReadThreadFunction()] : 1046 (PhidgetBridge 4-Input) v102 S/N:588716: USB read thread started: 0xa23aee80
2026-05-29T15:32:39.188  <Info> phidget22usb[getReportLengths()] : Using Control Endpoint for Host->Device communication.
2026-05-29T15:32:39.190  <Info> phidget22[PhidgetUSBReadThreadFunction()] : 1046 (PhidgetBridge 4-Input) v102 S/N:582396: USB read thread started: 0xa177ee80
2026-05-29T15:32:39.211  <Info> phidget22usb[getReportLengths()] : Using Control Endpoint for Host->Device communication.
2026-05-29T15:32:39.213  <Info> phidget22[PhidgetUSBReadThreadFunction()] : 1046 (PhidgetBridge 4-Input) v102 S/N:588795: USB read thread started: 0xa136ee80
2026-05-29T15:32:43.141  <Info> phidget22 : 
	******************************  Logging Enabled  ******************************
	* Phidget22 - Version 1.22 - Built Sep 29 2025 12:39:17                       *
	* Release 1.22.20250714 - Linux (64-bit)                                      *
	*******************************************************************************
2026-05-29T15:32:43.141  <Info> phidget22usb[PhidgetUSBScanDevices()] : Initializing libusb
2026-05-29T15:32:43.149  <Info> phidget22usb[PhidgetUSBScanDevices()] : New Phidget found in PhidgetUSBBuildList: 1/6
2026-05-29T15:32:43.154  <Info> phidget22[deviceAttach()] : (Attach) 1046 (PhidgetBridge 4-Input) v102 S/N:588716
2026-05-29T15:32:43.155  <Info> phidget22usb[PhidgetUSBScanDevices()] : New Phidget found in PhidgetUSBBuildList: 1/5
2026-05-29T15:32:43.159  <Info> phidget22[deviceAttach()] : (Attach) 1046 (PhidgetBridge 4-Input) v102 S/N:582396
2026-05-29T15:32:43.160  <Info> phidget22usb[PhidgetUSBScanDevices()] : New Phidget found in PhidgetUSBBuildList: 1/4
2026-05-29T15:32:43.164  <Info> phidget22[deviceAttach()] : (Attach) 1046 (PhidgetBridge 4-Input) v102 S/N:588795
2026-05-29T15:32:43.164  <Info> phidget22usb[getReportLengths()] : Using Control Endpoint for Host->Device communication.
2026-05-29T15:32:43.166  <Info> phidget22[HandleEventsThreadFunction()] : Failed to increase priority of USB Handle Events thread: 0x01 - Operation not permitted
2026-05-29T15:32:43.166  <Info> phidget22[PhidgetUSBReadThreadFunction()] : 1046 (PhidgetBridge 4-Input) v102 S/N:588716: USB read thread started: 0x7fffee80
2026-05-29T15:32:43.189  <Info> phidget22usb[getReportLengths()] : Using Control Endpoint for Host->Device communication.
2026-05-29T15:32:43.191  <Info> phidget22[PhidgetUSBReadThreadFunction()] : 1046 (PhidgetBridge 4-Input) v102 S/N:582396: USB read thread started: 0x7f3cee80
2026-05-29T15:32:43.212  <Info> phidget22usb[getReportLengths()] : Using Control Endpoint for Host->Device communication.
2026-05-29T15:32:43.214  <Info> phidget22[PhidgetUSBReadThreadFunction()] : 1046 (PhidgetBridge 4-Input) v102 S/N:588795: USB read thread started: 0x7efbee80
2026-05-29T15:32:46.145  <Info> phidget22 : 
	******************************  Logging Enabled  ******************************
	* Phidget22 - Version 1.22 - Built Sep 29 2025 12:39:17                       *
	* Release 1.22.20250714 - Linux (64-bit)                                      *
	*******************************************************************************
2026-05-29T15:32:46.145  <Info> phidget22usb[PhidgetUSBScanDevices()] : Initializing libusb
2026-05-29T15:32:46.151  <Info> phidget22usb[PhidgetUSBScanDevices()] : New Phidget found in PhidgetUSBBuildList: 1/6
2026-05-29T15:32:46.156  <Info> phidget22[deviceAttach()] : (Attach) 1046 (PhidgetBridge 4-Input) v102 S/N:588716
2026-05-29T15:32:46.156  <Info> phidget22usb[PhidgetUSBScanDevices()] : New Phidget found in PhidgetUSBBuildList: 1/5
2026-05-29T15:32:46.161  <Info> phidget22[deviceAttach()] : (Attach) 1046 (PhidgetBridge 4-Input) v102 S/N:582396
2026-05-29T15:32:46.161  <Info> phidget22usb[PhidgetUSBScanDevices()] : New Phidget found in PhidgetUSBBuildList: 1/4
2026-05-29T15:32:46.166  <Info> phidget22[deviceAttach()] : (Attach) 1046 (PhidgetBridge 4-Input) v102 S/N:588795
2026-05-29T15:32:46.166  <Info> phidget22usb[getReportLengths()] : Using Control Endpoint for Host->Device communication.
2026-05-29T15:32:46.168  <Info> phidget22[HandleEventsThreadFunction()] : Failed to increase priority of USB Handle Events thread: 0x01 - Operation not permitted
2026-05-29T15:32:46.168  <Info> phidget22[PhidgetUSBReadThreadFunction()] : 1046 (PhidgetBridge 4-Input) v102 S/N:588716: USB read thread started: 0xfd76ee80
2026-05-29T15:32:46.196  <Info> phidget22usb[getReportLengths()] : Using Control Endpoint for Host->Device communication.
2026-05-29T15:32:46.198  <Info> phidget22[PhidgetUSBReadThreadFunction()] : 1046 (PhidgetBridge 4-Input) v102 S/N:582396: USB read thread started: 0xfc72ee80
2026-05-29T15:32:46.220  <Info> phidget22usb[getReportLengths()] : Using Control Endpoint for Host->Device communication.
2026-05-29T15:32:46.222  <Info> phidget22[PhidgetUSBReadThreadFunction()] : 1046 (PhidgetBridge 4-Input) v102 S/N:588795: USB read thread started: 0xd3ffee80
2026-05-29T15:32:49.153  <Info> phidget22 : 
	******************************  Logging Enabled  ******************************
	* Phidget22 - Version 1.22 - Built Sep 29 2025 12:39:17                       *
	* Release 1.22.20250714 - Linux (64-bit)                                      *
	*******************************************************************************
2026-05-29T15:32:49.154  <Info> phidget22usb[PhidgetUSBScanDevices()] : Initializing libusb
2026-05-29T15:32:49.160  <Info> phidget22usb[PhidgetUSBScanDevices()] : New Phidget found in PhidgetUSBBuildList: 1/6
2026-05-29T15:32:49.165  <Info> phidget22[deviceAttach()] : (Attach) 1046 (PhidgetBridge 4-Input) v102 S/N:588716
2026-05-29T15:32:49.165  <Info> phidget22usb[PhidgetUSBScanDevices()] : New Phidget found in PhidgetUSBBuildList: 1/5
2026-05-29T15:32:49.170  <Info> phidget22[deviceAttach()] : (Attach) 1046 (PhidgetBridge 4-Input) v102 S/N:582396
2026-05-29T15:32:49.170  <Info> phidget22usb[PhidgetUSBScanDevices()] : New Phidget found in PhidgetUSBBuildList: 1/4
2026-05-29T15:32:49.175  <Info> phidget22[deviceAttach()] : (Attach) 1046 (PhidgetBridge 4-Input) v102 S/N:588795
2026-05-29T15:32:49.176  <Info> phidget22usb[getReportLengths()] : Using Control Endpoint for Host->Device communication.
2026-05-29T15:32:49.177  <Info> phidget22[HandleEventsThreadFunction()] : Failed to increase priority of USB Handle Events thread: 0x01 - Operation not permitted
2026-05-29T15:32:49.178  <Info> phidget22[PhidgetUSBReadThreadFunction()] : 1046 (PhidgetBridge 4-Input) v102 S/N:588716: USB read thread started: 0x18ccee80
2026-05-29T15:32:49.206  <Info> phidget22usb[getReportLengths()] : Using Control Endpoint for Host->Device communication.
2026-05-29T15:32:49.208  <Info> phidget22[PhidgetUSBReadThreadFunction()] : 1046 (PhidgetBridge 4-Input) v102 S/N:582396: USB read thread started: 0xf7ffee80
2026-05-29T15:32:49.236  <Info> phidget22usb[getReportLengths()] : Using Control Endpoint for Host->Device communication.
2026-05-29T15:32:49.237  <Info> phidget22[PhidgetUSBReadThreadFunction()] : 1046 (PhidgetBridge 4-Input) v102 S/N:588795: USB read thread started: 0xf77dee80
2026-05-29T15:32:53.151  <Info> phidget22 : 
	******************************  Logging Enabled  ******************************
	* Phidget22 - Version 1.22 - Built Sep 29 2025 12:39:17                       *
	* Release 1.22.20250714 - Linux (64-bit)                                      *
	*******************************************************************************
2026-05-29T15:32:53.151  <Info> phidget22usb[PhidgetUSBScanDevices()] : Initializing libusb
2026-05-29T15:32:53.160  <Info> phidget22usb[PhidgetUSBScanDevices()] : New Phidget found in PhidgetUSBBuildList: 1/6
2026-05-29T15:32:53.165  <Info> phidget22[deviceAttach()] : (Attach) 1046 (PhidgetBridge 4-Input) v102 S/N:588716
2026-05-29T15:32:53.165  <Info> phidget22usb[PhidgetUSBScanDevices()] : New Phidget found in PhidgetUSBBuildList: 1/5
2026-05-29T15:32:53.170  <Info> phidget22[deviceAttach()] : (Attach) 1046 (PhidgetBridge 4-Input) v102 S/N:582396
2026-05-29T15:32:53.170  <Info> phidget22usb[PhidgetUSBScanDevices()] : New Phidget found in PhidgetUSBBuildList: 1/4
2026-05-29T15:32:53.175  <Info> phidget22[deviceAttach()] : (Attach) 1046 (PhidgetBridge 4-Input) v102 S/N:588795
2026-05-29T15:32:53.175  <Info> phidget22usb[getReportLengths()] : Using Control Endpoint for Host->Device communication.
2026-05-29T15:32:53.177  <Info> phidget22[HandleEventsThreadFunction()] : Failed to increase priority of USB Handle Events thread: 0x01 - Operation not permitted
2026-05-29T15:32:53.177  <Info> phidget22[PhidgetUSBReadThreadFunction()] : 1046 (PhidgetBridge 4-Input) v102 S/N:588716: USB read thread started: 0xf59eee80
2026-05-29T15:32:53.204  <Info> phidget22usb[getReportLengths()] : Using Control Endpoint for Host->Device communication.
2026-05-29T15:32:53.206  <Info> phidget22[PhidgetUSBReadThreadFunction()] : 1046 (PhidgetBridge 4-Input) v102 S/N:582396: USB read thread started: 0xf4dbee80
2026-05-29T15:32:53.228  <Info> phidget22usb[getReportLengths()] : Using Control Endpoint for Host->Device communication.
2026-05-29T15:32:53.230  <Info> phidget22[PhidgetUSBReadThreadFunction()] : 1046 (PhidgetBridge 4-Input) v102 S/N:588795: USB read thread started: 0xf459ee80
2026-05-29T15:32:56.150  <Info> phidget22 : 
	******************************  Logging Enabled  ******************************
	* Phidget22 - Version 1.22 - Built Sep 29 2025 12:39:17                       *
	* Release 1.22.20250714 - Linux (64-bit)                                      *
	*******************************************************************************
2026-05-29T15:32:56.151  <Info> phidget22usb[PhidgetUSBScanDevices()] : Initializing libusb
2026-05-29T15:32:56.157  <Info> phidget22usb[PhidgetUSBScanDevices()] : New Phidget found in PhidgetUSBBuildList: 1/6
2026-05-29T15:32:56.162  <Info> phidget22[deviceAttach()] : (Attach) 1046 (PhidgetBridge 4-Input) v102 S/N:588716
2026-05-29T15:32:56.162  <Info> phidget22usb[PhidgetUSBScanDevices()] : New Phidget found in PhidgetUSBBuildList: 1/5
2026-05-29T15:32:56.167  <Info> phidget22[deviceAttach()] : (Attach) 1046 (PhidgetBridge 4-Input) v102 S/N:582396
2026-05-29T15:32:56.167  <Info> phidget22usb[PhidgetUSBScanDevices()] : New Phidget found in PhidgetUSBBuildList: 1/4
2026-05-29T15:32:56.172  <Info> phidget22[deviceAttach()] : (Attach) 1046 (PhidgetBridge 4-Input) v102 S/N:588795
2026-05-29T15:32:56.172  <Info> phidget22usb[getReportLengths()] : Using Control Endpoint for Host->Device communication.
2026-05-29T15:32:56.174  <Info> phidget22[HandleEventsThreadFunction()] : Failed to increase priority of USB Handle Events thread: 0x01 - Operation not permitted
2026-05-29T15:32:56.174  <Info> phidget22[PhidgetUSBReadThreadFunction()] : 1046 (PhidgetBridge 4-Input) v102 S/N:588716: USB read thread started: 0xd9a8ee80
2026-05-29T15:32:56.196  <Info> phidget22usb[getReportLengths()] : Using Control Endpoint for Host->Device communication.
2026-05-29T15:32:56.198  <Info> phidget22[PhidgetUSBReadThreadFunction()] : 1046 (PhidgetBridge 4-Input) v102 S/N:582396: USB read thread started: 0xd8a4ee80
2026-05-29T15:32:56.220  <Info> phidget22usb[getReportLengths()] : Using Control Endpoint for Host->Device communication.
2026-05-29T15:32:56.222  <Info> phidget22[PhidgetUSBReadThreadFunction()] : 1046 (PhidgetBridge 4-Input) v102 S/N:588795: USB read thread started: 0xd863ee80
2026-05-29T15:33:03.153  <Info> phidget22 : 
	******************************  Logging Enabled  ******************************
	* Phidget22 - Version 1.22 - Built Sep 29 2025 12:39:17                       *
	* Release 1.22.20250714 - Linux (64-bit)                                      *
	*******************************************************************************
2026-05-29T15:33:03.153  <Info> phidget22usb[PhidgetUSBScanDevices()] : Initializing libusb
2026-05-29T15:33:03.159  <Info> phidget22usb[PhidgetUSBScanDevices()] : New Phidget found in PhidgetUSBBuildList: 1/6
2026-05-29T15:33:03.165  <Info> phidget22[deviceAttach()] : (Attach) 1046 (PhidgetBridge 4-Input) v102 S/N:588716
2026-05-29T15:33:03.165  <Info> phidget22usb[PhidgetUSBScanDevices()] : New Phidget found in PhidgetUSBBuildList: 1/5
2026-05-29T15:33:03.170  <Info> phidget22[deviceAttach()] : (Attach) 1046 (PhidgetBridge 4-Input) v102 S/N:582396
2026-05-29T15:33:03.170  <Info> phidget22usb[PhidgetUSBScanDevices()] : New Phidget found in PhidgetUSBBuildList: 1/4
2026-05-29T15:33:03.174  <Info> phidget22[deviceAttach()] : (Attach) 1046 (PhidgetBridge 4-Input) v102 S/N:588795
2026-05-29T15:33:03.175  <Info> phidget22usb[getReportLengths()] : Using Control Endpoint for Host->Device communication.
2026-05-29T15:33:03.176  <Info> phidget22[HandleEventsThreadFunction()] : Failed to increase priority of USB Handle Events thread: 0x01 - Operation not permitted
2026-05-29T15:33:03.177  <Info> phidget22[PhidgetUSBReadThreadFunction()] : 1046 (PhidgetBridge 4-Input) v102 S/N:588716: USB read thread started: 0x4abbee80
2026-05-29T15:33:03.205  <Info> phidget22usb[getReportLengths()] : Using Control Endpoint for Host->Device communication.
2026-05-29T15:33:03.208  <Info> phidget22[PhidgetUSBReadThreadFunction()] : 1046 (PhidgetBridge 4-Input) v102 S/N:582396: USB read thread started: 0x49b7ee80
2026-05-29T15:33:03.228  <Info> phidget22usb[getReportLengths()] : Using Control Endpoint for Host->Device communication.
2026-05-29T15:33:03.230  <Info> phidget22[PhidgetUSBReadThreadFunction()] : 1046 (PhidgetBridge 4-Input) v102 S/N:588795: USB read thread started: 0x4976ee80
2026-05-29T15:33:11.155  <Info> phidget22 : 
	******************************  Logging Enabled  ******************************
	* Phidget22 - Version 1.22 - Built Sep 29 2025 12:39:17                       *
	* Release 1.22.20250714 - Linux (64-bit)                                      *
	*******************************************************************************
2026-05-29T15:33:11.155  <Info> phidget22usb[PhidgetUSBScanDevices()] : Initializing libusb
2026-05-29T15:33:11.163  <Info> phidget22usb[PhidgetUSBScanDevices()] : New Phidget found in PhidgetUSBBuildList: 1/6
2026-05-29T15:33:11.169  <Info> phidget22[deviceAttach()] : (Attach) 1046 (PhidgetBridge 4-Input) v102 S/N:588716
2026-05-29T15:33:11.169  <Info> phidget22usb[PhidgetUSBScanDevices()] : New Phidget found in PhidgetUSBBuildList: 1/5
2026-05-29T15:33:11.174  <Info> phidget22[deviceAttach()] : (Attach) 1046 (PhidgetBridge 4-Input) v102 S/N:582396
2026-05-29T15:33:11.174  <Info> phidget22usb[PhidgetUSBScanDevices()] : New Phidget found in PhidgetUSBBuildList: 1/4
2026-05-29T15:33:11.179  <Info> phidget22[deviceAttach()] : (Attach) 1046 (PhidgetBridge 4-Input) v102 S/N:588795
2026-05-29T15:33:11.179  <Info> phidget22usb[getReportLengths()] : Using Control Endpoint for Host->Device communication.
2026-05-29T15:33:11.181  <Info> phidget22[HandleEventsThreadFunction()] : Failed to increase priority of USB Handle Events thread: 0x01 - Operation not permitted
2026-05-29T15:33:11.181  <Info> phidget22[PhidgetUSBReadThreadFunction()] : 1046 (PhidgetBridge 4-Input) v102 S/N:588716: USB read thread started: 0xd23aee80
2026-05-29T15:33:11.207  <Info> phidget22usb[getReportLengths()] : Using Control Endpoint for Host->Device communication.
2026-05-29T15:33:11.209  <Info> phidget22[PhidgetUSBReadThreadFunction()] : 1046 (PhidgetBridge 4-Input) v102 S/N:582396: USB read thread started: 0xd177ee80
2026-05-29T15:33:11.237  <Info> phidget22usb[getReportLengths()] : Using Control Endpoint for Host->Device communication.
2026-05-29T15:33:11.239  <Info> phidget22[PhidgetUSBReadThreadFunction()] : 1046 (PhidgetBridge 4-Input) v102 S/N:588795: USB read thread started: 0xd0f5ee80
2026-05-29T15:33:40.507  <Info> phidget22 : 
	******************************  Logging Enabled  ******************************
	* Phidget22 - Version 1.22 - Built Sep 29 2025 12:39:17                       *
	* Release 1.22.20250714 - Linux (64-bit)                                      *
	*******************************************************************************
2026-05-29T15:33:40.508  <Info> phidget22usb[PhidgetUSBScanDevices()] : Initializing libusb
2026-05-29T15:33:40.516  <Info> phidget22usb[PhidgetUSBScanDevices()] : New Phidget found in PhidgetUSBBuildList: 1/6
2026-05-29T15:33:40.521  <Info> phidget22[deviceAttach()] : (Attach) 1046 (PhidgetBridge 4-Input) v102 S/N:588716
2026-05-29T15:33:40.521  <Info> phidget22usb[PhidgetUSBScanDevices()] : New Phidget found in PhidgetUSBBuildList: 1/5
2026-05-29T15:33:40.526  <Info> phidget22[deviceAttach()] : (Attach) 1046 (PhidgetBridge 4-Input) v102 S/N:582396
2026-05-29T15:33:40.526  <Info> phidget22usb[PhidgetUSBScanDevices()] : New Phidget found in PhidgetUSBBuildList: 1/4
2026-05-29T15:33:40.531  <Info> phidget22[deviceAttach()] : (Attach) 1046 (PhidgetBridge 4-Input) v102 S/N:588795
2026-05-29T15:33:40.532  <Info> phidget22usb[getReportLengths()] : Using Control Endpoint for Host->Device communication.
2026-05-29T15:33:40.533  <Info> phidget22[HandleEventsThreadFunction()] : Failed to increase priority of USB Handle Events thread: 0x01 - Operation not permitted
2026-05-29T15:33:40.534  <Info> phidget22[PhidgetUSBReadThreadFunction()] : 1046 (PhidgetBridge 4-Input) v102 S/N:588716: USB read thread started: 0xc18dee80
2026-05-29T15:33:40.559  <Info> phidget22usb[getReportLengths()] : Using Control Endpoint for Host->Device communication.
2026-05-29T15:33:40.561  <Info> phidget22[PhidgetUSBReadThreadFunction()] : 1046 (PhidgetBridge 4-Input) v102 S/N:582396: USB read thread started: 0xc089ee80
2026-05-29T15:33:40.583  <Info> phidget22usb[getReportLengths()] : Using Control Endpoint for Host->Device communication.
2026-05-29T15:33:40.585  <Info> phidget22[PhidgetUSBReadThreadFunction()] : 1046 (PhidgetBridge 4-Input) v102 S/N:588795: USB read thread started: 0xc048ee80
2026-05-29T15:34:21.974  <Info> phidget22 : 
	******************************  Logging Enabled  ******************************
	* Phidget22 - Version 1.22 - Built Sep 29 2025 12:39:17                       *
	* Release 1.22.20250714 - Linux (64-bit)                                      *
	*******************************************************************************
2026-05-29T15:34:21.975  <Info> phidget22usb[PhidgetUSBScanDevices()] : Initializing libusb
2026-05-29T15:34:21.981  <Info> phidget22usb[PhidgetUSBScanDevices()] : New Phidget found in PhidgetUSBBuildList: 1/6
2026-05-29T15:34:21.986  <Info> phidget22[deviceAttach()] : (Attach) 1046 (PhidgetBridge 4-Input) v102 S/N:588716
2026-05-29T15:34:21.987  <Info> phidget22usb[PhidgetUSBScanDevices()] : New Phidget found in PhidgetUSBBuildList: 1/5
2026-05-29T15:34:21.991  <Info> phidget22[deviceAttach()] : (Attach) 1046 (PhidgetBridge 4-Input) v102 S/N:582396
2026-05-29T15:34:21.992  <Info> phidget22usb[PhidgetUSBScanDevices()] : New Phidget found in PhidgetUSBBuildList: 1/4
2026-05-29T15:34:21.996  <Info> phidget22[deviceAttach()] : (Attach) 1046 (PhidgetBridge 4-Input) v102 S/N:588795
2026-05-29T15:34:21.997  <Info> phidget22usb[getReportLengths()] : Using Control Endpoint for Host->Device communication.
2026-05-29T15:34:21.999  <Info> phidget22[HandleEventsThreadFunction()] : Failed to increase priority of USB Handle Events thread: 0x01 - Operation not permitted
2026-05-29T15:34:21.999  <Info> phidget22[PhidgetUSBReadThreadFunction()] : 1046 (PhidgetBridge 4-Input) v102 S/N:588716: USB read thread started: 0x819eee80
2026-05-29T15:34:22.024  <Info> phidget22usb[getReportLengths()] : Using Control Endpoint for Host->Device communication.
2026-05-29T15:34:22.026  <Info> phidget22[PhidgetUSBReadThreadFunction()] : 1046 (PhidgetBridge 4-Input) v102 S/N:582396: USB read thread started: 0x809aee80
2026-05-29T15:34:22.048  <Info> phidget22usb[getReportLengths()] : Using Control Endpoint for Host->Device communication.
2026-05-29T15:34:22.050  <Info> phidget22[PhidgetUSBReadThreadFunction()] : 1046 (PhidgetBridge 4-Input) v102 S/N:588795: USB read thread started: 0x8059ee80
2026-05-29T15:35:10.106  <Info> phidget22 : 
	******************************  Logging Enabled  ******************************
	* Phidget22 - Version 1.22 - Built Sep 29 2025 12:39:17                       *
	* Release 1.22.20250714 - Linux (64-bit)                                      *
	*******************************************************************************
2026-05-29T15:35:10.107  <Info> phidget22usb[PhidgetUSBScanDevices()] : Initializing libusb
2026-05-29T15:35:10.112  <Info> phidget22usb[PhidgetUSBScanDevices()] : New Phidget found in PhidgetUSBBuildList: 1/6
2026-05-29T15:35:10.117  <Info> phidget22[deviceAttach()] : (Attach) 1046 (PhidgetBridge 4-Input) v102 S/N:588716
2026-05-29T15:35:10.117  <Info> phidget22usb[PhidgetUSBScanDevices()] : New Phidget found in PhidgetUSBBuildList: 1/5
2026-05-29T15:35:10.122  <Info> phidget22[deviceAttach()] : (Attach) 1046 (PhidgetBridge 4-Input) v102 S/N:582396
2026-05-29T15:35:10.122  <Info> phidget22usb[PhidgetUSBScanDevices()] : New Phidget found in PhidgetUSBBuildList: 1/4
2026-05-29T15:35:10.127  <Info> phidget22[deviceAttach()] : (Attach) 1046 (PhidgetBridge 4-Input) v102 S/N:588795
2026-05-29T15:35:10.127  <Info> phidget22usb[getReportLengths()] : Using Control Endpoint for Host->Device communication.
2026-05-29T15:35:10.129  <Info> phidget22[HandleEventsThreadFunction()] : Failed to increase priority of USB Handle Events thread: 0x01 - Operation not permitted
2026-05-29T15:35:10.129  <Info> phidget22[PhidgetUSBReadThreadFunction()] : 1046 (PhidgetBridge 4-Input) v102 S/N:588716: USB read thread started: 0x809bee80
2026-05-29T15:35:10.156  <Info> phidget22usb[getReportLengths()] : Using Control Endpoint for Host->Device communication.
2026-05-29T15:35:10.157  <Info> phidget22[PhidgetUSBReadThreadFunction()] : 1046 (PhidgetBridge 4-Input) v102 S/N:582396: USB read thread started: 0x63beee80
2026-05-29T15:35:10.179  <Info> phidget22usb[getReportLengths()] : Using Control Endpoint for Host->Device communication.
2026-05-29T15:35:10.181  <Info> phidget22[PhidgetUSBReadThreadFunction()] : 1046 (PhidgetBridge 4-Input) v102 S/N:588795: USB read thread started: 0x637dee80
2026-05-29T15:36:04.882  <Info> phidget22 : 
	******************************  Logging Enabled  ******************************
	* Phidget22 - Version 1.22 - Built Sep 29 2025 12:39:17                       *
	* Release 1.22.20250714 - Linux (64-bit)                                      *
	*******************************************************************************
2026-05-29T15:36:04.882  <Info> phidget22usb[PhidgetUSBScanDevices()] : Initializing libusb
2026-05-29T15:36:04.892  <Info> phidget22usb[PhidgetUSBScanDevices()] : New Phidget found in PhidgetUSBBuildList: 1/6
2026-05-29T15:36:04.897  <Info> phidget22[deviceAttach()] : (Attach) 1046 (PhidgetBridge 4-Input) v102 S/N:588716
2026-05-29T15:36:04.897  <Info> phidget22usb[PhidgetUSBScanDevices()] : New Phidget found in PhidgetUSBBuildList: 1/5
2026-05-29T15:36:04.902  <Info> phidget22[deviceAttach()] : (Attach) 1046 (PhidgetBridge 4-Input) v102 S/N:582396
2026-05-29T15:36:04.902  <Info> phidget22usb[PhidgetUSBScanDevices()] : New Phidget found in PhidgetUSBBuildList: 1/4
2026-05-29T15:36:04.906  <Info> phidget22[deviceAttach()] : (Attach) 1046 (PhidgetBridge 4-Input) v102 S/N:588795
2026-05-29T15:36:04.907  <Info> phidget22usb[getReportLengths()] : Using Control Endpoint for Host->Device communication.
2026-05-29T15:36:04.909  <Info> phidget22[HandleEventsThreadFunction()] : Failed to increase priority of USB Handle Events thread: 0x01 - Operation not permitted
2026-05-29T15:36:04.909  <Info> phidget22[PhidgetUSBReadThreadFunction()] : 1046 (PhidgetBridge 4-Input) v102 S/N:588716: USB read thread started: 0xba7bee80
2026-05-29T15:36:04.933  <Info> phidget22usb[getReportLengths()] : Using Control Endpoint for Host->Device communication.
2026-05-29T15:36:04.935  <Info> phidget22[PhidgetUSBReadThreadFunction()] : 1046 (PhidgetBridge 4-Input) v102 S/N:582396: USB read thread started: 0xb9b8ee80
2026-05-29T15:36:04.957  <Info> phidget22usb[getReportLengths()] : Using Control Endpoint for Host->Device communication.
2026-05-29T15:36:04.960  <Info> phidget22[PhidgetUSBReadThreadFunction()] : 1046 (PhidgetBridge 4-Input) v102 S/N:588795: USB read thread started: 0xb936ee80
2026-05-29T15:37:38.703  <Info> phidget22 : 
	******************************  Logging Enabled  ******************************
	* Phidget22 - Version 1.22 - Built Sep 29 2025 12:39:17                       *
	* Release 1.22.20250714 - Linux (64-bit)                                      *
	*******************************************************************************
2026-05-29T15:37:38.703  <Info> phidget22usb[PhidgetUSBScanDevices()] : Initializing libusb
2026-05-29T15:37:38.709  <Info> phidget22usb[PhidgetUSBScanDevices()] : New Phidget found in PhidgetUSBBuildList: 1/6
2026-05-29T15:37:38.714  <Info> phidget22[deviceAttach()] : (Attach) 1046 (PhidgetBridge 4-Input) v102 S/N:588716
2026-05-29T15:37:38.714  <Info> phidget22usb[PhidgetUSBScanDevices()] : New Phidget found in PhidgetUSBBuildList: 1/5
2026-05-29T15:37:38.719  <Info> phidget22[deviceAttach()] : (Attach) 1046 (PhidgetBridge 4-Input) v102 S/N:582396
2026-05-29T15:37:38.719  <Info> phidget22usb[PhidgetUSBScanDevices()] : New Phidget found in PhidgetUSBBuildList: 1/4
2026-05-29T15:37:38.723  <Info> phidget22[deviceAttach()] : (Attach) 1046 (PhidgetBridge 4-Input) v102 S/N:588795
2026-05-29T15:37:38.724  <Info> phidget22usb[getReportLengths()] : Using Control Endpoint for Host->Device communication.
2026-05-29T15:37:38.726  <Info> phidget22[HandleEventsThreadFunction()] : Failed to increase priority of USB Handle Events thread: 0x01 - Operation not permitted
2026-05-29T15:37:38.726  <Info> phidget22[PhidgetUSBReadThreadFunction()] : 1046 (PhidgetBridge 4-Input) v102 S/N:588716: USB read thread started: 0x84cfee80
2026-05-29T15:37:38.755  <Info> phidget22usb[getReportLengths()] : Using Control Endpoint for Host->Device communication.
2026-05-29T15:37:38.757  <Info> phidget22[PhidgetUSBReadThreadFunction()] : 1046 (PhidgetBridge 4-Input) v102 S/N:582396: USB read thread started: 0x63beee80
2026-05-29T15:37:38.794  <Info> phidget22usb[getReportLengths()] : Using Control Endpoint for Host->Device communication.
2026-05-29T15:37:38.796  <Info> phidget22[PhidgetUSBReadThreadFunction()] : 1046 (PhidgetBridge 4-Input) v102 S/N:588795: USB read thread started: 0x637dee80
2026-05-29T15:41:57.359  <Info> phidget22 : 
	******************************  Logging Enabled  ******************************
	* Phidget22 - Version 1.22 - Built Sep 29 2025 12:39:17                       *
	* Release 1.22.20250714 - Linux (64-bit)                                      *
	*******************************************************************************
2026-05-29T15:41:57.360  <Info> phidget22usb[PhidgetUSBScanDevices()] : Initializing libusb
2026-05-29T15:41:57.370  <Info> phidget22usb[PhidgetUSBScanDevices()] : New Phidget found in PhidgetUSBBuildList: 1/6
2026-05-29T15:41:57.375  <Info> phidget22[deviceAttach()] : (Attach) 1046 (PhidgetBridge 4-Input) v102 S/N:588716
2026-05-29T15:41:57.375  <Info> phidget22usb[PhidgetUSBScanDevices()] : New Phidget found in PhidgetUSBBuildList: 1/5
2026-05-29T15:41:57.380  <Info> phidget22[deviceAttach()] : (Attach) 1046 (PhidgetBridge 4-Input) v102 S/N:582396
2026-05-29T15:41:57.380  <Info> phidget22usb[PhidgetUSBScanDevices()] : New Phidget found in PhidgetUSBBuildList: 1/4
2026-05-29T15:41:57.385  <Info> phidget22[deviceAttach()] : (Attach) 1046 (PhidgetBridge 4-Input) v102 S/N:588795
2026-05-29T15:41:57.385  <Info> phidget22usb[getReportLengths()] : Using Control Endpoint for Host->Device communication.
2026-05-29T15:41:57.387  <Info> phidget22[HandleEventsThreadFunction()] : Failed to increase priority of USB Handle Events thread: 0x01 - Operation not permitted
2026-05-29T15:41:57.387  <Info> phidget22[PhidgetUSBReadThreadFunction()] : 1046 (PhidgetBridge 4-Input) v102 S/N:588716: USB read thread started: 0x36fcee80
2026-05-29T15:41:57.413  <Info> phidget22usb[getReportLengths()] : Using Control Endpoint for Host->Device communication.
2026-05-29T15:41:57.415  <Info> phidget22[PhidgetUSBReadThreadFunction()] : 1046 (PhidgetBridge 4-Input) v102 S/N:582396: USB read thread started: 0x3639ee80
2026-05-29T15:41:57.438  <Info> phidget22usb[getReportLengths()] : Using Control Endpoint for Host->Device communication.
2026-05-29T15:41:57.440  <Info> phidget22[PhidgetUSBReadThreadFunction()] : 1046 (PhidgetBridge 4-Input) v102 S/N:588795: USB read thread started: 0x35b7ee80
2026-05-29T15:43:18.510  <Info> phidget22 : 
	******************************  Logging Enabled  ******************************
	* Phidget22 - Version 1.22 - Built Sep 29 2025 12:39:17                       *
	* Release 1.22.20250714 - Linux (64-bit)                                      *
	*******************************************************************************
2026-05-29T15:43:18.512  <Info> phidget22usb[PhidgetUSBScanDevices()] : Initializing libusb
2026-05-29T15:43:18.525  <Info> phidget22usb[PhidgetUSBScanDevices()] : New Phidget found in PhidgetUSBBuildList: 1/6
2026-05-29T15:43:18.530  <Info> phidget22[deviceAttach()] : (Attach) 1046 (PhidgetBridge 4-Input) v102 S/N:588716
2026-05-29T15:43:18.530  <Info> phidget22usb[PhidgetUSBScanDevices()] : New Phidget found in PhidgetUSBBuildList: 1/5
2026-05-29T15:43:18.535  <Info> phidget22[deviceAttach()] : (Attach) 1046 (PhidgetBridge 4-Input) v102 S/N:582396
2026-05-29T15:43:18.536  <Info> phidget22usb[PhidgetUSBScanDevices()] : New Phidget found in PhidgetUSBBuildList: 1/4
2026-05-29T15:43:18.541  <Info> phidget22[deviceAttach()] : (Attach) 1046 (PhidgetBridge 4-Input) v102 S/N:588795
2026-05-29T15:43:18.541  <Info> phidget22usb[getReportLengths()] : Using Control Endpoint for Host->Device communication.
2026-05-29T15:43:18.543  <Info> phidget22[HandleEventsThreadFunction()] : Failed to increase priority of USB Handle Events thread: 0x01 - Operation not permitted
2026-05-29T15:43:18.543  <Info> phidget22[PhidgetUSBReadThreadFunction()] : 1046 (PhidgetBridge 4-Input) v102 S/N:588716: USB read thread started: 0x3deeee80
2026-05-29T15:43:18.569  <Info> phidget22usb[getReportLengths()] : Using Control Endpoint for Host->Device communication.
2026-05-29T15:43:18.570  <Info> phidget22[PhidgetUSBReadThreadFunction()] : 1046 (PhidgetBridge 4-Input) v102 S/N:582396: USB read thread started: 0x3d2bee80
2026-05-29T15:43:18.593  <Info> phidget22usb[getReportLengths()] : Using Control Endpoint for Host->Device communication.
2026-05-29T15:43:18.595  <Info> phidget22[PhidgetUSBReadThreadFunction()] : 1046 (PhidgetBridge 4-Input) v102 S/N:588795: USB read thread started: 0x3ca9ee80
2026-05-29T15:45:05.802  <Info> phidget22 : 
	******************************  Logging Enabled  ******************************
	* Phidget22 - Version 1.22 - Built Sep 29 2025 12:39:17                       *
	* Release 1.22.20250714 - Linux (64-bit)                                      *
	*******************************************************************************
2026-05-29T15:45:05.803  <Info> phidget22usb[PhidgetUSBScanDevices()] : Initializing libusb
2026-05-29T15:45:05.812  <Info> phidget22usb[PhidgetUSBScanDevices()] : New Phidget found in PhidgetUSBBuildList: 1/6
2026-05-29T15:45:05.817  <Info> phidget22[deviceAttach()] : (Attach) 1046 (PhidgetBridge 4-Input) v102 S/N:588716
2026-05-29T15:45:05.818  <Info> phidget22usb[PhidgetUSBScanDevices()] : New Phidget found in PhidgetUSBBuildList: 1/5
2026-05-29T15:45:05.823  <Info> phidget22[deviceAttach()] : (Attach) 1046 (PhidgetBridge 4-Input) v102 S/N:582396
2026-05-29T15:45:05.823  <Info> phidget22usb[PhidgetUSBScanDevices()] : New Phidget found in PhidgetUSBBuildList: 1/4
2026-05-29T15:45:05.828  <Info> phidget22[deviceAttach()] : (Attach) 1046 (PhidgetBridge 4-Input) v102 S/N:588795
2026-05-29T15:45:05.828  <Info> phidget22usb[getReportLengths()] : Using Control Endpoint for Host->Device communication.
2026-05-29T15:45:05.831  <Info> phidget22[HandleEventsThreadFunction()] : Failed to increase priority of USB Handle Events thread: 0x01 - Operation not permitted
2026-05-29T15:45:05.831  <Info> phidget22[PhidgetUSBReadThreadFunction()] : 1046 (PhidgetBridge 4-Input) v102 S/N:588716: USB read thread started: 0xaf7dee80
2026-05-29T15:45:05.854  <Info> phidget22usb[getReportLengths()] : Using Control Endpoint for Host->Device communication.
2026-05-29T15:45:05.856  <Info> phidget22[PhidgetUSBReadThreadFunction()] : 1046 (PhidgetBridge 4-Input) v102 S/N:582396: USB read thread started: 0xae79ee80
2026-05-29T15:45:05.878  <Info> phidget22usb[getReportLengths()] : Using Control Endpoint for Host->Device communication.
2026-05-29T15:45:05.880  <Info> phidget22[PhidgetUSBReadThreadFunction()] : 1046 (PhidgetBridge 4-Input) v102 S/N:588795: USB read thread started: 0xae38ee80
2026-05-29T15:45:57.439  <Info> phidget22 : 
	******************************  Logging Enabled  ******************************
	* Phidget22 - Version 1.22 - Built Sep 29 2025 12:39:17                       *
	* Release 1.22.20250714 - Linux (64-bit)                                      *
	*******************************************************************************
2026-05-29T15:45:57.439  <Info> phidget22usb[PhidgetUSBScanDevices()] : Initializing libusb
2026-05-29T15:45:57.445  <Info> phidget22usb[PhidgetUSBScanDevices()] : New Phidget found in PhidgetUSBBuildList: 1/6
2026-05-29T15:45:57.450  <Info> phidget22[deviceAttach()] : (Attach) 1046 (PhidgetBridge 4-Input) v102 S/N:588716
2026-05-29T15:45:57.450  <Info> phidget22usb[PhidgetUSBScanDevices()] : New Phidget found in PhidgetUSBBuildList: 1/5
2026-05-29T15:45:57.454  <Info> phidget22[deviceAttach()] : (Attach) 1046 (PhidgetBridge 4-Input) v102 S/N:582396
2026-05-29T15:45:57.455  <Info> phidget22usb[PhidgetUSBScanDevices()] : New Phidget found in PhidgetUSBBuildList: 1/4
2026-05-29T15:45:57.459  <Info> phidget22[deviceAttach()] : (Attach) 1046 (PhidgetBridge 4-Input) v102 S/N:588795
2026-05-29T15:45:57.459  <Info> phidget22usb[getReportLengths()] : Using Control Endpoint for Host->Device communication.
2026-05-29T15:45:57.461  <Info> phidget22[HandleEventsThreadFunction()] : Failed to increase priority of USB Handle Events thread: 0x01 - Operation not permitted
2026-05-29T15:45:57.461  <Info> phidget22[PhidgetUSBReadThreadFunction()] : 1046 (PhidgetBridge 4-Input) v102 S/N:588716: USB read thread started: 0xa20eee80
2026-05-29T15:45:57.488  <Info> phidget22usb[getReportLengths()] : Using Control Endpoint for Host->Device communication.
2026-05-29T15:45:57.490  <Info> phidget22[PhidgetUSBReadThreadFunction()] : 1046 (PhidgetBridge 4-Input) v102 S/N:582396: USB read thread started: 0xa10aee80
2026-05-29T15:45:57.512  <Info> phidget22usb[getReportLengths()] : Using Control Endpoint for Host->Device communication.
2026-05-29T15:45:57.514  <Info> phidget22[PhidgetUSBReadThreadFunction()] : 1046 (PhidgetBridge 4-Input) v102 S/N:588795: USB read thread started: 0xa0c9ee80
2026-05-29T15:46:12.649  <Info> phidget22 : 
	******************************  Logging Enabled  ******************************
	* Phidget22 - Version 1.22 - Built Sep 29 2025 12:39:17                       *
	* Release 1.22.20250714 - Linux (64-bit)                                      *
	*******************************************************************************
2026-05-29T15:46:12.649  <Info> phidget22usb[PhidgetUSBScanDevices()] : Initializing libusb
2026-05-29T15:46:12.656  <Info> phidget22usb[PhidgetUSBScanDevices()] : New Phidget found in PhidgetUSBBuildList: 1/6
2026-05-29T15:46:12.660  <Info> phidget22[deviceAttach()] : (Attach) 1046 (PhidgetBridge 4-Input) v102 S/N:588716
2026-05-29T15:46:12.660  <Info> phidget22usb[PhidgetUSBScanDevices()] : New Phidget found in PhidgetUSBBuildList: 1/5
2026-05-29T15:46:12.665  <Info> phidget22[deviceAttach()] : (Attach) 1046 (PhidgetBridge 4-Input) v102 S/N:582396
2026-05-29T15:46:12.665  <Info> phidget22usb[PhidgetUSBScanDevices()] : New Phidget found in PhidgetUSBBuildList: 1/4
2026-05-29T15:46:12.670  <Info> phidget22[deviceAttach()] : (Attach) 1046 (PhidgetBridge 4-Input) v102 S/N:588795
2026-05-29T15:46:12.670  <Info> phidget22usb[getReportLengths()] : Using Control Endpoint for Host->Device communication.
2026-05-29T15:46:12.672  <Info> phidget22[HandleEventsThreadFunction()] : Failed to increase priority of USB Handle Events thread: 0x01 - Operation not permitted
2026-05-29T15:46:12.672  <Info> phidget22[PhidgetUSBReadThreadFunction()] : 1046 (PhidgetBridge 4-Input) v102 S/N:588716: USB read thread started: 0x933dee80
2026-05-29T15:46:12.696  <Info> phidget22usb[getReportLengths()] : Using Control Endpoint for Host->Device communication.
2026-05-29T15:46:12.698  <Info> phidget22[PhidgetUSBReadThreadFunction()] : 1046 (PhidgetBridge 4-Input) v102 S/N:582396: USB read thread started: 0x9239ee80
2026-05-29T15:46:12.720  <Info> phidget22usb[getReportLengths()] : Using Control Endpoint for Host->Device communication.
2026-05-29T15:46:12.722  <Info> phidget22[PhidgetUSBReadThreadFunction()] : 1046 (PhidgetBridge 4-Input) v102 S/N:588795: USB read thread started: 0x91f8ee80
2026-05-29T15:48:24.914  <Info> phidget22 : 
	******************************  Logging Enabled  ******************************
	* Phidget22 - Version 1.22 - Built Sep 29 2025 12:39:17                       *
	* Release 1.22.20250714 - Linux (64-bit)                                      *
	*******************************************************************************
2026-05-29T15:48:24.915  <Info> phidget22usb[PhidgetUSBScanDevices()] : Initializing libusb
2026-05-29T15:48:24.922  <Info> phidget22usb[PhidgetUSBScanDevices()] : New Phidget found in PhidgetUSBBuildList: 1/6
2026-05-29T15:48:24.927  <Info> phidget22[deviceAttach()] : (Attach) 1046 (PhidgetBridge 4-Input) v102 S/N:588716
2026-05-29T15:48:24.927  <Info> phidget22usb[PhidgetUSBScanDevices()] : New Phidget found in PhidgetUSBBuildList: 1/5
2026-05-29T15:48:24.932  <Info> phidget22[deviceAttach()] : (Attach) 1046 (PhidgetBridge 4-Input) v102 S/N:582396
2026-05-29T15:48:24.932  <Info> phidget22usb[PhidgetUSBScanDevices()] : New Phidget found in PhidgetUSBBuildList: 1/4
2026-05-29T15:48:24.937  <Info> phidget22[deviceAttach()] : (Attach) 1046 (PhidgetBridge 4-Input) v102 S/N:588795
2026-05-29T15:48:24.937  <Info> phidget22usb[getReportLengths()] : Using Control Endpoint for Host->Device communication.
2026-05-29T15:48:24.938  <Info> phidget22[HandleEventsThreadFunction()] : Failed to increase priority of USB Handle Events thread: 0x01 - Operation not permitted
2026-05-29T15:48:24.939  <Info> phidget22[PhidgetUSBReadThreadFunction()] : 1046 (PhidgetBridge 4-Input) v102 S/N:588716: USB read thread started: 0x6ce9ee80
2026-05-29T15:48:24.966  <Info> phidget22usb[getReportLengths()] : Using Control Endpoint for Host->Device communication.
2026-05-29T15:48:24.968  <Info> phidget22[PhidgetUSBReadThreadFunction()] : 1046 (PhidgetBridge 4-Input) v102 S/N:582396: USB read thread started: 0x4bbeee80
2026-05-29T15:48:24.991  <Info> phidget22usb[getReportLengths()] : Using Control Endpoint for Host->Device communication.
2026-05-29T15:48:24.993  <Info> phidget22[PhidgetUSBReadThreadFunction()] : 1046 (PhidgetBridge 4-Input) v102 S/N:588795: USB read thread started: 0x4b7dee80
2026-05-29T15:48:36.546  <Info> phidget22 : 
	******************************  Logging Enabled  ******************************
	* Phidget22 - Version 1.22 - Built Sep 29 2025 12:39:17                       *
	* Release 1.22.20250714 - Linux (64-bit)                                      *
	*******************************************************************************
2026-05-29T15:48:36.547  <Info> phidget22usb[PhidgetUSBScanDevices()] : Initializing libusb
2026-05-29T15:48:36.552  <Info> phidget22usb[PhidgetUSBScanDevices()] : New Phidget found in PhidgetUSBBuildList: 1/6
2026-05-29T15:48:36.557  <Info> phidget22[deviceAttach()] : (Attach) 1046 (PhidgetBridge 4-Input) v102 S/N:588716
2026-05-29T15:48:36.557  <Info> phidget22usb[PhidgetUSBScanDevices()] : New Phidget found in PhidgetUSBBuildList: 1/5
2026-05-29T15:48:36.562  <Info> phidget22[deviceAttach()] : (Attach) 1046 (PhidgetBridge 4-Input) v102 S/N:582396
2026-05-29T15:48:36.562  <Info> phidget22usb[PhidgetUSBScanDevices()] : New Phidget found in PhidgetUSBBuildList: 1/4
2026-05-29T15:48:36.567  <Info> phidget22[deviceAttach()] : (Attach) 1046 (PhidgetBridge 4-Input) v102 S/N:588795
2026-05-29T15:48:36.567  <Info> phidget22usb[getReportLengths()] : Using Control Endpoint for Host->Device communication.
2026-05-29T15:48:36.569  <Info> phidget22[HandleEventsThreadFunction()] : Failed to increase priority of USB Handle Events thread: 0x01 - Operation not permitted
2026-05-29T15:48:36.569  <Info> phidget22[PhidgetUSBReadThreadFunction()] : 1046 (PhidgetBridge 4-Input) v102 S/N:588716: USB read thread started: 0x5e7bee80
2026-05-29T15:48:36.599  <Info> phidget22usb[getReportLengths()] : Using Control Endpoint for Host->Device communication.
2026-05-29T15:48:36.601  <Info> phidget22[PhidgetUSBReadThreadFunction()] : 1046 (PhidgetBridge 4-Input) v102 S/N:582396: USB read thread started: 0x5cf5ee80
2026-05-29T15:48:36.623  <Info> phidget22usb[getReportLengths()] : Using Control Endpoint for Host->Device communication.
2026-05-29T15:48:36.625  <Info> phidget22[PhidgetUSBReadThreadFunction()] : 1046 (PhidgetBridge 4-Input) v102 S/N:588795: USB read thread started: 0x5cb4ee80
2026-05-29T15:48:57.801  <Info> phidget22 : 
	******************************  Logging Enabled  ******************************
	* Phidget22 - Version 1.22 - Built Sep 29 2025 12:39:17                       *
	* Release 1.22.20250714 - Linux (64-bit)                                      *
	*******************************************************************************
2026-05-29T15:48:57.801  <Info> phidget22usb[PhidgetUSBScanDevices()] : Initializing libusb
2026-05-29T15:48:57.809  <Info> phidget22usb[PhidgetUSBScanDevices()] : New Phidget found in PhidgetUSBBuildList: 1/6
2026-05-29T15:48:57.814  <Info> phidget22[deviceAttach()] : (Attach) 1046 (PhidgetBridge 4-Input) v102 S/N:588716
2026-05-29T15:48:57.814  <Info> phidget22usb[PhidgetUSBScanDevices()] : New Phidget found in PhidgetUSBBuildList: 1/5
2026-05-29T15:48:57.819  <Info> phidget22[deviceAttach()] : (Attach) 1046 (PhidgetBridge 4-Input) v102 S/N:582396
2026-05-29T15:48:57.819  <Info> phidget22usb[PhidgetUSBScanDevices()] : New Phidget found in PhidgetUSBBuildList: 1/4
2026-05-29T15:48:57.824  <Info> phidget22[deviceAttach()] : (Attach) 1046 (PhidgetBridge 4-Input) v102 S/N:588795
2026-05-29T15:48:57.824  <Info> phidget22usb[getReportLengths()] : Using Control Endpoint for Host->Device communication.
2026-05-29T15:48:57.826  <Info> phidget22[HandleEventsThreadFunction()] : Failed to increase priority of USB Handle Events thread: 0x01 - Operation not permitted
2026-05-29T15:48:57.826  <Info> phidget22[PhidgetUSBReadThreadFunction()] : 1046 (PhidgetBridge 4-Input) v102 S/N:588716: USB read thread started: 0x45d7ee80
2026-05-29T15:48:57.848  <Info> phidget22usb[getReportLengths()] : Using Control Endpoint for Host->Device communication.
2026-05-29T15:48:57.850  <Info> phidget22[PhidgetUSBReadThreadFunction()] : 1046 (PhidgetBridge 4-Input) v102 S/N:582396: USB read thread started: 0x4514ee80
2026-05-29T15:48:57.872  <Info> phidget22usb[getReportLengths()] : Using Control Endpoint for Host->Device communication.
2026-05-29T15:48:57.874  <Info> phidget22[PhidgetUSBReadThreadFunction()] : 1046 (PhidgetBridge 4-Input) v102 S/N:588795: USB read thread started: 0x44d3ee80
2026-05-29T15:49:19.438  <Info> phidget22 : 
	******************************  Logging Enabled  ******************************
	* Phidget22 - Version 1.22 - Built Sep 29 2025 12:39:17                       *
	* Release 1.22.20250714 - Linux (64-bit)                                      *
	*******************************************************************************
2026-05-29T15:49:19.439  <Info> phidget22usb[PhidgetUSBScanDevices()] : Initializing libusb
2026-05-29T15:49:19.444  <Info> phidget22usb[PhidgetUSBScanDevices()] : New Phidget found in PhidgetUSBBuildList: 1/6
2026-05-29T15:49:19.449  <Info> phidget22[deviceAttach()] : (Attach) 1046 (PhidgetBridge 4-Input) v102 S/N:588716
2026-05-29T15:49:19.449  <Info> phidget22usb[PhidgetUSBScanDevices()] : New Phidget found in PhidgetUSBBuildList: 1/5
2026-05-29T15:49:19.453  <Info> phidget22[deviceAttach()] : (Attach) 1046 (PhidgetBridge 4-Input) v102 S/N:582396
2026-05-29T15:49:19.453  <Info> phidget22usb[PhidgetUSBScanDevices()] : New Phidget found in PhidgetUSBBuildList: 1/4
2026-05-29T15:49:19.458  <Info> phidget22[deviceAttach()] : (Attach) 1046 (PhidgetBridge 4-Input) v102 S/N:588795
2026-05-29T15:49:19.458  <Info> phidget22usb[getReportLengths()] : Using Control Endpoint for Host->Device communication.
2026-05-29T15:49:19.460  <Info> phidget22[HandleEventsThreadFunction()] : Failed to increase priority of USB Handle Events thread: 0x01 - Operation not permitted
2026-05-29T15:49:19.460  <Info> phidget22[PhidgetUSBReadThreadFunction()] : 1046 (PhidgetBridge 4-Input) v102 S/N:588716: USB read thread started: 0xbbffee80
2026-05-29T15:49:19.481  <Info> phidget22usb[getReportLengths()] : Using Control Endpoint for Host->Device communication.
2026-05-29T15:49:19.483  <Info> phidget22[PhidgetUSBReadThreadFunction()] : 1046 (PhidgetBridge 4-Input) v102 S/N:582396: USB read thread started: 0xbafbee80
2026-05-29T15:49:19.509  <Info> phidget22usb[getReportLengths()] : Using Control Endpoint for Host->Device communication.
2026-05-29T15:49:19.511  <Info> phidget22[PhidgetUSBReadThreadFunction()] : 1046 (PhidgetBridge 4-Input) v102 S/N:588795: USB read thread started: 0xbabaee80
2026-05-29T15:49:54.982  <Info> phidget22 : 
	******************************  Logging Enabled  ******************************
	* Phidget22 - Version 1.22 - Built Sep 29 2025 12:39:17                       *
	* Release 1.22.20250714 - Linux (64-bit)                                      *
	*******************************************************************************
2026-05-29T15:49:54.982  <Info> phidget22usb[PhidgetUSBScanDevices()] : Initializing libusb
2026-05-29T15:49:54.988  <Info> phidget22usb[PhidgetUSBScanDevices()] : New Phidget found in PhidgetUSBBuildList: 1/6
2026-05-29T15:49:54.992  <Info> phidget22[deviceAttach()] : (Attach) 1046 (PhidgetBridge 4-Input) v102 S/N:588716
2026-05-29T15:49:54.993  <Info> phidget22usb[PhidgetUSBScanDevices()] : New Phidget found in PhidgetUSBBuildList: 1/5
2026-05-29T15:49:54.997  <Info> phidget22[deviceAttach()] : (Attach) 1046 (PhidgetBridge 4-Input) v102 S/N:582396
2026-05-29T15:49:54.997  <Info> phidget22usb[PhidgetUSBScanDevices()] : New Phidget found in PhidgetUSBBuildList: 1/4
2026-05-29T15:49:55.002  <Info> phidget22[deviceAttach()] : (Attach) 1046 (PhidgetBridge 4-Input) v102 S/N:588795
2026-05-29T15:49:55.002  <Info> phidget22usb[getReportLengths()] : Using Control Endpoint for Host->Device communication.
2026-05-29T15:49:55.004  <Info> phidget22[HandleEventsThreadFunction()] : Failed to increase priority of USB Handle Events thread: 0x01 - Operation not permitted
2026-05-29T15:49:55.004  <Info> phidget22[PhidgetUSBReadThreadFunction()] : 1046 (PhidgetBridge 4-Input) v102 S/N:588716: USB read thread started: 0xccc7ee80
2026-05-29T15:49:55.027  <Info> phidget22usb[getReportLengths()] : Using Control Endpoint for Host->Device communication.
2026-05-29T15:49:55.029  <Info> phidget22[PhidgetUSBReadThreadFunction()] : 1046 (PhidgetBridge 4-Input) v102 S/N:582396: USB read thread started: 0xabffee80
2026-05-29T15:49:55.051  <Info> phidget22usb[getReportLengths()] : Using Control Endpoint for Host->Device communication.
2026-05-29T15:49:55.052  <Info> phidget22[PhidgetUSBReadThreadFunction()] : 1046 (PhidgetBridge 4-Input) v102 S/N:588795: USB read thread started: 0xab7dee80
2026-05-29T15:52:01.072  <Info> phidget22 : 
	******************************  Logging Enabled  ******************************
	* Phidget22 - Version 1.22 - Built Sep 29 2025 12:39:17                       *
	* Release 1.22.20250714 - Linux (64-bit)                                      *
	*******************************************************************************
2026-05-29T15:52:01.072  <Info> phidget22usb[PhidgetUSBScanDevices()] : Initializing libusb
2026-05-29T15:52:01.078  <Info> phidget22usb[PhidgetUSBScanDevices()] : New Phidget found in PhidgetUSBBuildList: 1/6
2026-05-29T15:52:01.082  <Info> phidget22[deviceAttach()] : (Attach) 1046 (PhidgetBridge 4-Input) v102 S/N:588716
2026-05-29T15:52:01.082  <Info> phidget22usb[PhidgetUSBScanDevices()] : New Phidget found in PhidgetUSBBuildList: 1/5
2026-05-29T15:52:01.087  <Info> phidget22[deviceAttach()] : (Attach) 1046 (PhidgetBridge 4-Input) v102 S/N:582396
2026-05-29T15:52:01.087  <Info> phidget22usb[PhidgetUSBScanDevices()] : New Phidget found in PhidgetUSBBuildList: 1/4
2026-05-29T15:52:01.092  <Info> phidget22[deviceAttach()] : (Attach) 1046 (PhidgetBridge 4-Input) v102 S/N:588795
2026-05-29T15:52:01.092  <Info> phidget22usb[getReportLengths()] : Using Control Endpoint for Host->Device communication.
2026-05-29T15:52:01.094  <Info> phidget22[HandleEventsThreadFunction()] : Failed to increase priority of USB Handle Events thread: 0x01 - Operation not permitted
2026-05-29T15:52:01.094  <Info> phidget22[PhidgetUSBReadThreadFunction()] : 1046 (PhidgetBridge 4-Input) v102 S/N:588716: USB read thread started: 0x1efcee80
2026-05-29T15:52:01.120  <Info> phidget22usb[getReportLengths()] : Using Control Endpoint for Host->Device communication.
2026-05-29T15:52:01.122  <Info> phidget22[PhidgetUSBReadThreadFunction()] : 1046 (PhidgetBridge 4-Input) v102 S/N:582396: USB read thread started: 0x1e39ee80
2026-05-29T15:52:01.144  <Info> phidget22usb[getReportLengths()] : Using Control Endpoint for Host->Device communication.
2026-05-29T15:52:01.146  <Info> phidget22[PhidgetUSBReadThreadFunction()] : 1046 (PhidgetBridge 4-Input) v102 S/N:588795: USB read thread started: 0x1df8ee80
2026-05-29T15:52:18.725  <Info> phidget22 : 
	******************************  Logging Enabled  ******************************
	* Phidget22 - Version 1.22 - Built Sep 29 2025 12:39:17                       *
	* Release 1.22.20250714 - Linux (64-bit)                                      *
	*******************************************************************************
2026-05-29T15:52:18.726  <Info> phidget22usb[PhidgetUSBScanDevices()] : Initializing libusb
2026-05-29T15:52:18.733  <Info> phidget22usb[PhidgetUSBScanDevices()] : New Phidget found in PhidgetUSBBuildList: 1/6
2026-05-29T15:52:18.738  <Info> phidget22[deviceAttach()] : (Attach) 1046 (PhidgetBridge 4-Input) v102 S/N:588716
2026-05-29T15:52:18.738  <Info> phidget22usb[PhidgetUSBScanDevices()] : New Phidget found in PhidgetUSBBuildList: 1/5
2026-05-29T15:52:18.742  <Info> phidget22[deviceAttach()] : (Attach) 1046 (PhidgetBridge 4-Input) v102 S/N:582396
2026-05-29T15:52:18.742  <Info> phidget22usb[PhidgetUSBScanDevices()] : New Phidget found in PhidgetUSBBuildList: 1/4
2026-05-29T15:52:18.747  <Info> phidget22[deviceAttach()] : (Attach) 1046 (PhidgetBridge 4-Input) v102 S/N:588795
2026-05-29T15:52:18.747  <Info> phidget22usb[getReportLengths()] : Using Control Endpoint for Host->Device communication.
2026-05-29T15:52:18.749  <Info> phidget22[HandleEventsThreadFunction()] : Failed to increase priority of USB Handle Events thread: 0x01 - Operation not permitted
2026-05-29T15:52:18.749  <Info> phidget22[PhidgetUSBReadThreadFunction()] : 1046 (PhidgetBridge 4-Input) v102 S/N:588716: USB read thread started: 0xe54dee80
2026-05-29T15:52:18.777  <Info> phidget22usb[getReportLengths()] : Using Control Endpoint for Host->Device communication.
2026-05-29T15:52:18.779  <Info> phidget22[PhidgetUSBReadThreadFunction()] : 1046 (PhidgetBridge 4-Input) v102 S/N:582396: USB read thread started: 0xe449ee80
2026-05-29T15:52:18.801  <Info> phidget22usb[getReportLengths()] : Using Control Endpoint for Host->Device communication.
2026-05-29T15:52:18.803  <Info> phidget22[PhidgetUSBReadThreadFunction()] : 1046 (PhidgetBridge 4-Input) v102 S/N:588795: USB read thread started: 0xbbffee80
2026-05-29T15:54:30.554  <Info> phidget22 : 
	******************************  Logging Enabled  ******************************
	* Phidget22 - Version 1.22 - Built Sep 29 2025 12:39:17                       *
	* Release 1.22.20250714 - Linux (64-bit)                                      *
	*******************************************************************************
2026-05-29T15:54:30.555  <Info> phidget22usb[PhidgetUSBScanDevices()] : Initializing libusb
2026-05-29T15:54:30.560  <Info> phidget22usb[PhidgetUSBScanDevices()] : New Phidget found in PhidgetUSBBuildList: 1/6
2026-05-29T15:54:30.565  <Info> phidget22[deviceAttach()] : (Attach) 1046 (PhidgetBridge 4-Input) v102 S/N:588716
2026-05-29T15:54:30.565  <Info> phidget22usb[PhidgetUSBScanDevices()] : New Phidget found in PhidgetUSBBuildList: 1/5
2026-05-29T15:54:30.569  <Info> phidget22[deviceAttach()] : (Attach) 1046 (PhidgetBridge 4-Input) v102 S/N:582396
2026-05-29T15:54:30.570  <Info> phidget22usb[PhidgetUSBScanDevices()] : New Phidget found in PhidgetUSBBuildList: 1/4
2026-05-29T15:54:30.574  <Info> phidget22[deviceAttach()] : (Attach) 1046 (PhidgetBridge 4-Input) v102 S/N:588795
2026-05-29T15:54:30.574  <Info> phidget22usb[getReportLengths()] : Using Control Endpoint for Host->Device communication.
2026-05-29T15:54:30.576  <Info> phidget22[HandleEventsThreadFunction()] : Failed to increase priority of USB Handle Events thread: 0x01 - Operation not permitted
2026-05-29T15:54:30.576  <Info> phidget22[PhidgetUSBReadThreadFunction()] : 1046 (PhidgetBridge 4-Input) v102 S/N:588716: USB read thread started: 0x046aee80
2026-05-29T15:54:30.599  <Info> phidget22usb[getReportLengths()] : Using Control Endpoint for Host->Device communication.
2026-05-29T15:54:30.601  <Info> phidget22[PhidgetUSBReadThreadFunction()] : 1046 (PhidgetBridge 4-Input) v102 S/N:582396: USB read thread started: 0xe77dee80
2026-05-29T15:54:30.623  <Info> phidget22usb[getReportLengths()] : Using Control Endpoint for Host->Device communication.
2026-05-29T15:54:30.625  <Info> phidget22[PhidgetUSBReadThreadFunction()] : 1046 (PhidgetBridge 4-Input) v102 S/N:588795: USB read thread started: 0xe6fbee80
2026-05-29T15:56:26.145  <Info> phidget22 : 
	******************************  Logging Enabled  ******************************
	* Phidget22 - Version 1.22 - Built Sep 29 2025 12:39:17                       *
	* Release 1.22.20250714 - Linux (64-bit)                                      *
	*******************************************************************************
2026-05-29T15:56:26.146  <Info> phidget22usb[PhidgetUSBScanDevices()] : Initializing libusb
2026-05-29T15:56:26.152  <Info> phidget22usb[PhidgetUSBScanDevices()] : New Phidget found in PhidgetUSBBuildList: 1/6
2026-05-29T15:56:26.156  <Info> phidget22[deviceAttach()] : (Attach) 1046 (PhidgetBridge 4-Input) v102 S/N:588716
2026-05-29T15:56:26.156  <Info> phidget22usb[PhidgetUSBScanDevices()] : New Phidget found in PhidgetUSBBuildList: 1/5
2026-05-29T15:56:26.161  <Info> phidget22[deviceAttach()] : (Attach) 1046 (PhidgetBridge 4-Input) v102 S/N:582396
2026-05-29T15:56:26.161  <Info> phidget22usb[PhidgetUSBScanDevices()] : New Phidget found in PhidgetUSBBuildList: 1/4
2026-05-29T15:56:26.166  <Info> phidget22[deviceAttach()] : (Attach) 1046 (PhidgetBridge 4-Input) v102 S/N:588795
2026-05-29T15:56:26.166  <Info> phidget22usb[getReportLengths()] : Using Control Endpoint for Host->Device communication.
2026-05-29T15:56:26.168  <Info> phidget22[HandleEventsThreadFunction()] : Failed to increase priority of USB Handle Events thread: 0x01 - Operation not permitted
2026-05-29T15:56:26.168  <Info> phidget22[PhidgetUSBReadThreadFunction()] : 1046 (PhidgetBridge 4-Input) v102 S/N:588716: USB read thread started: 0x6509ee80
2026-05-29T15:56:26.188  <Info> phidget22usb[getReportLengths()] : Using Control Endpoint for Host->Device communication.
2026-05-29T15:56:26.190  <Info> phidget22[PhidgetUSBReadThreadFunction()] : 1046 (PhidgetBridge 4-Input) v102 S/N:582396: USB read thread started: 0x6446ee80
2026-05-29T15:56:26.212  <Info> phidget22usb[getReportLengths()] : Using Control Endpoint for Host->Device communication.
2026-05-29T15:56:26.214  <Info> phidget22[PhidgetUSBReadThreadFunction()] : 1046 (PhidgetBridge 4-Input) v102 S/N:588795: USB read thread started: 0x437dee80
2026-05-29T15:56:47.819  <Info> phidget22 : 
	******************************  Logging Enabled  ******************************
	* Phidget22 - Version 1.22 - Built Sep 29 2025 12:39:17                       *
	* Release 1.22.20250714 - Linux (64-bit)                                      *
	*******************************************************************************
2026-05-29T15:56:47.819  <Info> phidget22usb[PhidgetUSBScanDevices()] : Initializing libusb
2026-05-29T15:56:47.824  <Info> phidget22usb[PhidgetUSBScanDevices()] : New Phidget found in PhidgetUSBBuildList: 1/6
2026-05-29T15:56:47.829  <Info> phidget22[deviceAttach()] : (Attach) 1046 (PhidgetBridge 4-Input) v102 S/N:588716
2026-05-29T15:56:47.829  <Info> phidget22usb[PhidgetUSBScanDevices()] : New Phidget found in PhidgetUSBBuildList: 1/5
2026-05-29T15:56:47.834  <Info> phidget22[deviceAttach()] : (Attach) 1046 (PhidgetBridge 4-Input) v102 S/N:582396
2026-05-29T15:56:47.834  <Info> phidget22usb[PhidgetUSBScanDevices()] : New Phidget found in PhidgetUSBBuildList: 1/4
2026-05-29T15:56:47.839  <Info> phidget22[deviceAttach()] : (Attach) 1046 (PhidgetBridge 4-Input) v102 S/N:588795
2026-05-29T15:56:47.839  <Info> phidget22usb[getReportLengths()] : Using Control Endpoint for Host->Device communication.
2026-05-29T15:56:47.841  <Info> phidget22[HandleEventsThreadFunction()] : Failed to increase priority of USB Handle Events thread: 0x01 - Operation not permitted
2026-05-29T15:56:47.841  <Info> phidget22[PhidgetUSBReadThreadFunction()] : 1046 (PhidgetBridge 4-Input) v102 S/N:588716: USB read thread started: 0xcc89ee80
2026-05-29T15:56:47.861  <Info> phidget22usb[getReportLengths()] : Using Control Endpoint for Host->Device communication.
2026-05-29T15:56:47.863  <Info> phidget22[PhidgetUSBReadThreadFunction()] : 1046 (PhidgetBridge 4-Input) v102 S/N:582396: USB read thread started: 0xaf7dee80
2026-05-29T15:56:47.885  <Info> phidget22usb[getReportLengths()] : Using Control Endpoint for Host->Device communication.
2026-05-29T15:56:47.887  <Info> phidget22[PhidgetUSBReadThreadFunction()] : 1046 (PhidgetBridge 4-Input) v102 S/N:588795: USB read thread started: 0xaefbee80
2026-05-29T15:57:05.600  <Info> phidget22 : 
	******************************  Logging Enabled  ******************************
	* Phidget22 - Version 1.22 - Built Sep 29 2025 12:39:17                       *
	* Release 1.22.20250714 - Linux (64-bit)                                      *
	*******************************************************************************
2026-05-29T15:57:05.601  <Info> phidget22usb[PhidgetUSBScanDevices()] : Initializing libusb
2026-05-29T15:57:05.606  <Info> phidget22usb[PhidgetUSBScanDevices()] : New Phidget found in PhidgetUSBBuildList: 1/6
2026-05-29T15:57:05.611  <Info> phidget22[deviceAttach()] : (Attach) 1046 (PhidgetBridge 4-Input) v102 S/N:588716
2026-05-29T15:57:05.611  <Info> phidget22usb[PhidgetUSBScanDevices()] : New Phidget found in PhidgetUSBBuildList: 1/5
2026-05-29T15:57:05.616  <Info> phidget22[deviceAttach()] : (Attach) 1046 (PhidgetBridge 4-Input) v102 S/N:582396
2026-05-29T15:57:05.616  <Info> phidget22usb[PhidgetUSBScanDevices()] : New Phidget found in PhidgetUSBBuildList: 1/4
2026-05-29T15:57:05.621  <Info> phidget22[deviceAttach()] : (Attach) 1046 (PhidgetBridge 4-Input) v102 S/N:588795
2026-05-29T15:57:05.621  <Info> phidget22usb[getReportLengths()] : Using Control Endpoint for Host->Device communication.
2026-05-29T15:57:05.623  <Info> phidget22[HandleEventsThreadFunction()] : Failed to increase priority of USB Handle Events thread: 0x01 - Operation not permitted
2026-05-29T15:57:05.623  <Info> phidget22[PhidgetUSBReadThreadFunction()] : 1046 (PhidgetBridge 4-Input) v102 S/N:588716: USB read thread started: 0x073dee80
2026-05-29T15:57:05.646  <Info> phidget22usb[getReportLengths()] : Using Control Endpoint for Host->Device communication.
2026-05-29T15:57:05.648  <Info> phidget22[PhidgetUSBReadThreadFunction()] : 1046 (PhidgetBridge 4-Input) v102 S/N:582396: USB read thread started: 0x067aee80
2026-05-29T15:57:05.670  <Info> phidget22usb[getReportLengths()] : Using Control Endpoint for Host->Device communication.
2026-05-29T15:57:05.672  <Info> phidget22[PhidgetUSBReadThreadFunction()] : 1046 (PhidgetBridge 4-Input) v102 S/N:588795: USB read thread started: 0x05b7ee80
2026-05-29T15:57:24.647  <Info> phidget22 : 
	******************************  Logging Enabled  ******************************
	* Phidget22 - Version 1.22 - Built Sep 29 2025 12:39:17                       *
	* Release 1.22.20250714 - Linux (64-bit)                                      *
	*******************************************************************************
2026-05-29T15:57:24.647  <Info> phidget22usb[PhidgetUSBScanDevices()] : Initializing libusb
2026-05-29T15:57:24.652  <Info> phidget22usb[PhidgetUSBScanDevices()] : New Phidget found in PhidgetUSBBuildList: 1/6
2026-05-29T15:57:24.657  <Info> phidget22[deviceAttach()] : (Attach) 1046 (PhidgetBridge 4-Input) v102 S/N:588716
2026-05-29T15:57:24.657  <Info> phidget22usb[PhidgetUSBScanDevices()] : New Phidget found in PhidgetUSBBuildList: 1/5
2026-05-29T15:57:24.662  <Info> phidget22[deviceAttach()] : (Attach) 1046 (PhidgetBridge 4-Input) v102 S/N:582396
2026-05-29T15:57:24.662  <Info> phidget22usb[PhidgetUSBScanDevices()] : New Phidget found in PhidgetUSBBuildList: 1/4
2026-05-29T15:57:24.667  <Info> phidget22[deviceAttach()] : (Attach) 1046 (PhidgetBridge 4-Input) v102 S/N:588795
2026-05-29T15:57:24.667  <Info> phidget22usb[getReportLengths()] : Using Control Endpoint for Host->Device communication.
2026-05-29T15:57:24.669  <Info> phidget22[HandleEventsThreadFunction()] : Failed to increase priority of USB Handle Events thread: 0x01 - Operation not permitted
2026-05-29T15:57:24.669  <Info> phidget22[PhidgetUSBReadThreadFunction()] : 1046 (PhidgetBridge 4-Input) v102 S/N:588716: USB read thread started: 0x6d56ee80
2026-05-29T15:57:24.695  <Info> phidget22usb[getReportLengths()] : Using Control Endpoint for Host->Device communication.
2026-05-29T15:57:24.697  <Info> phidget22[PhidgetUSBReadThreadFunction()] : 1046 (PhidgetBridge 4-Input) v102 S/N:582396: USB read thread started: 0x6c52ee80
2026-05-29T15:57:24.719  <Info> phidget22usb[getReportLengths()] : Using Control Endpoint for Host->Device communication.
2026-05-29T15:57:24.721  <Info> phidget22[PhidgetUSBReadThreadFunction()] : 1046 (PhidgetBridge 4-Input) v102 S/N:588795: USB read thread started: 0x43ffee80
2026-05-29T15:57:56.975  <Info> phidget22 : 
	******************************  Logging Enabled  ******************************
	* Phidget22 - Version 1.22 - Built Sep 29 2025 12:39:17                       *
	* Release 1.22.20250714 - Linux (64-bit)                                      *
	*******************************************************************************
2026-05-29T15:57:56.975  <Info> phidget22usb[PhidgetUSBScanDevices()] : Initializing libusb
2026-05-29T15:57:56.981  <Info> phidget22usb[PhidgetUSBScanDevices()] : New Phidget found in PhidgetUSBBuildList: 1/6
2026-05-29T15:57:56.986  <Info> phidget22[deviceAttach()] : (Attach) 1046 (PhidgetBridge 4-Input) v102 S/N:588716
2026-05-29T15:57:56.986  <Info> phidget22usb[PhidgetUSBScanDevices()] : New Phidget found in PhidgetUSBBuildList: 1/5
2026-05-29T15:57:56.990  <Info> phidget22[deviceAttach()] : (Attach) 1046 (PhidgetBridge 4-Input) v102 S/N:582396
2026-05-29T15:57:56.991  <Info> phidget22usb[PhidgetUSBScanDevices()] : New Phidget found in PhidgetUSBBuildList: 1/4
2026-05-29T15:57:56.995  <Info> phidget22[deviceAttach()] : (Attach) 1046 (PhidgetBridge 4-Input) v102 S/N:588795
2026-05-29T15:57:56.995  <Info> phidget22usb[getReportLengths()] : Using Control Endpoint for Host->Device communication.
2026-05-29T15:57:56.997  <Info> phidget22[HandleEventsThreadFunction()] : Failed to increase priority of USB Handle Events thread: 0x01 - Operation not permitted
2026-05-29T15:57:56.997  <Info> phidget22[PhidgetUSBReadThreadFunction()] : 1046 (PhidgetBridge 4-Input) v102 S/N:588716: USB read thread started: 0xe9c9ee80
2026-05-29T15:57:57.025  <Info> phidget22usb[getReportLengths()] : Using Control Endpoint for Host->Device communication.
2026-05-29T15:57:57.027  <Info> phidget22[PhidgetUSBReadThreadFunction()] : 1046 (PhidgetBridge 4-Input) v102 S/N:582396: USB read thread started: 0xe8c5ee80
2026-05-29T15:57:57.209  <Info> phidget22usb[getReportLengths()] : Using Control Endpoint for Host->Device communication.
2026-05-29T15:57:57.211  <Info> phidget22[PhidgetUSBReadThreadFunction()] : 1046 (PhidgetBridge 4-Input) v102 S/N:588795: USB read thread started: 0xe884ee80
2026-05-29T15:58:12.552  <Info> phidget22 : 
	******************************  Logging Enabled  ******************************
	* Phidget22 - Version 1.22 - Built Sep 29 2025 12:39:17                       *
	* Release 1.22.20250714 - Linux (64-bit)                                      *
	*******************************************************************************
2026-05-29T15:58:12.552  <Info> phidget22usb[PhidgetUSBScanDevices()] : Initializing libusb
2026-05-29T15:58:12.557  <Info> phidget22usb[PhidgetUSBScanDevices()] : New Phidget found in PhidgetUSBBuildList: 1/6
2026-05-29T15:58:12.562  <Info> phidget22[deviceAttach()] : (Attach) 1046 (PhidgetBridge 4-Input) v102 S/N:588716
2026-05-29T15:58:12.562  <Info> phidget22usb[PhidgetUSBScanDevices()] : New Phidget found in PhidgetUSBBuildList: 1/5
2026-05-29T15:58:12.567  <Info> phidget22[deviceAttach()] : (Attach) 1046 (PhidgetBridge 4-Input) v102 S/N:582396
2026-05-29T15:58:12.567  <Info> phidget22usb[PhidgetUSBScanDevices()] : New Phidget found in PhidgetUSBBuildList: 1/4
2026-05-29T15:58:12.572  <Info> phidget22[deviceAttach()] : (Attach) 1046 (PhidgetBridge 4-Input) v102 S/N:588795
2026-05-29T15:58:12.572  <Info> phidget22usb[getReportLengths()] : Using Control Endpoint for Host->Device communication.
2026-05-29T15:58:12.574  <Info> phidget22[HandleEventsThreadFunction()] : Failed to increase priority of USB Handle Events thread: 0x01 - Operation not permitted
2026-05-29T15:58:12.574  <Info> phidget22[PhidgetUSBReadThreadFunction()] : 1046 (PhidgetBridge 4-Input) v102 S/N:588716: USB read thread started: 0xa37dee80
2026-05-29T15:58:12.601  <Info> phidget22usb[getReportLengths()] : Using Control Endpoint for Host->Device communication.
2026-05-29T15:58:12.603  <Info> phidget22[PhidgetUSBReadThreadFunction()] : 1046 (PhidgetBridge 4-Input) v102 S/N:582396: USB read thread started: 0xa2baee80
2026-05-29T15:58:12.626  <Info> phidget22usb[getReportLengths()] : Using Control Endpoint for Host->Device communication.
2026-05-29T15:58:12.628  <Info> phidget22[PhidgetUSBReadThreadFunction()] : 1046 (PhidgetBridge 4-Input) v102 S/N:588795: USB read thread started: 0xa238ee80
2026-05-29T15:58:36.537  <Info> phidget22 : 
	******************************  Logging Enabled  ******************************
	* Phidget22 - Version 1.22 - Built Sep 29 2025 12:39:17                       *
	* Release 1.22.20250714 - Linux (64-bit)                                      *
	*******************************************************************************
2026-05-29T15:58:36.538  <Info> phidget22usb[PhidgetUSBScanDevices()] : Initializing libusb
2026-05-29T15:58:36.547  <Info> phidget22usb[PhidgetUSBScanDevices()] : New Phidget found in PhidgetUSBBuildList: 1/6
2026-05-29T15:58:36.552  <Info> phidget22[deviceAttach()] : (Attach) 1046 (PhidgetBridge 4-Input) v102 S/N:588716
2026-05-29T15:58:36.552  <Info> phidget22usb[PhidgetUSBScanDevices()] : New Phidget found in PhidgetUSBBuildList: 1/5
2026-05-29T15:58:36.557  <Info> phidget22[deviceAttach()] : (Attach) 1046 (PhidgetBridge 4-Input) v102 S/N:582396
2026-05-29T15:58:36.557  <Info> phidget22usb[PhidgetUSBScanDevices()] : New Phidget found in PhidgetUSBBuildList: 1/4
2026-05-29T15:58:36.561  <Info> phidget22[deviceAttach()] : (Attach) 1046 (PhidgetBridge 4-Input) v102 S/N:588795
2026-05-29T15:58:36.561  <Info> phidget22usb[getReportLengths()] : Using Control Endpoint for Host->Device communication.
2026-05-29T15:58:36.563  <Info> phidget22[HandleEventsThreadFunction()] : Failed to increase priority of USB Handle Events thread: 0x01 - Operation not permitted
2026-05-29T15:58:36.563  <Info> phidget22[PhidgetUSBReadThreadFunction()] : 1046 (PhidgetBridge 4-Input) v102 S/N:588716: USB read thread started: 0x24e4ee80
2026-05-29T15:58:36.587  <Info> phidget22usb[getReportLengths()] : Using Control Endpoint for Host->Device communication.
2026-05-29T15:58:36.589  <Info> phidget22[PhidgetUSBReadThreadFunction()] : 1046 (PhidgetBridge 4-Input) v102 S/N:582396: USB read thread started: 0x03ffee80
2026-05-29T15:58:36.611  <Info> phidget22usb[getReportLengths()] : Using Control Endpoint for Host->Device communication.
2026-05-29T15:58:36.613  <Info> phidget22[PhidgetUSBReadThreadFunction()] : 1046 (PhidgetBridge 4-Input) v102 S/N:588795: USB read thread started: 0x03beee80
2026-05-29T15:59:01.849  <Info> phidget22 : 
	******************************  Logging Enabled  ******************************
	* Phidget22 - Version 1.22 - Built Sep 29 2025 12:39:17                       *
	* Release 1.22.20250714 - Linux (64-bit)                                      *
	*******************************************************************************
2026-05-29T15:59:01.849  <Info> phidget22usb[PhidgetUSBScanDevices()] : Initializing libusb
2026-05-29T15:59:01.855  <Info> phidget22usb[PhidgetUSBScanDevices()] : New Phidget found in PhidgetUSBBuildList: 1/6
2026-05-29T15:59:01.859  <Info> phidget22[deviceAttach()] : (Attach) 1046 (PhidgetBridge 4-Input) v102 S/N:588716
2026-05-29T15:59:01.859  <Info> phidget22usb[PhidgetUSBScanDevices()] : New Phidget found in PhidgetUSBBuildList: 1/5
2026-05-29T15:59:01.864  <Info> phidget22[deviceAttach()] : (Attach) 1046 (PhidgetBridge 4-Input) v102 S/N:582396
2026-05-29T15:59:01.864  <Info> phidget22usb[PhidgetUSBScanDevices()] : New Phidget found in PhidgetUSBBuildList: 1/4
2026-05-29T15:59:01.869  <Info> phidget22[deviceAttach()] : (Attach) 1046 (PhidgetBridge 4-Input) v102 S/N:588795
2026-05-29T15:59:01.869  <Info> phidget22usb[getReportLengths()] : Using Control Endpoint for Host->Device communication.
2026-05-29T15:59:01.871  <Info> phidget22[HandleEventsThreadFunction()] : Failed to increase priority of USB Handle Events thread: 0x01 - Operation not permitted
2026-05-29T15:59:01.871  <Info> phidget22[PhidgetUSBReadThreadFunction()] : 1046 (PhidgetBridge 4-Input) v102 S/N:588716: USB read thread started: 0x0abbee80
2026-05-29T15:59:01.892  <Info> phidget22usb[getReportLengths()] : Using Control Endpoint for Host->Device communication.
2026-05-29T15:59:01.894  <Info> phidget22[PhidgetUSBReadThreadFunction()] : 1046 (PhidgetBridge 4-Input) v102 S/N:582396: USB read thread started: 0x09b7ee80
2026-05-29T15:59:01.916  <Info> phidget22usb[getReportLengths()] : Using Control Endpoint for Host->Device communication.
2026-05-29T15:59:01.918  <Info> phidget22[PhidgetUSBReadThreadFunction()] : 1046 (PhidgetBridge 4-Input) v102 S/N:588795: USB read thread started: 0x0976ee80
2026-05-29T15:59:26.682  <Info> phidget22 : 
	******************************  Logging Enabled  ******************************
	* Phidget22 - Version 1.22 - Built Sep 29 2025 12:39:17                       *
	* Release 1.22.20250714 - Linux (64-bit)                                      *
	*******************************************************************************
2026-05-29T15:59:26.682  <Info> phidget22usb[PhidgetUSBScanDevices()] : Initializing libusb
2026-05-29T15:59:26.688  <Info> phidget22usb[PhidgetUSBScanDevices()] : New Phidget found in PhidgetUSBBuildList: 1/6
2026-05-29T15:59:26.692  <Info> phidget22[deviceAttach()] : (Attach) 1046 (PhidgetBridge 4-Input) v102 S/N:588716
2026-05-29T15:59:26.692  <Info> phidget22usb[PhidgetUSBScanDevices()] : New Phidget found in PhidgetUSBBuildList: 1/5
2026-05-29T15:59:26.697  <Info> phidget22[deviceAttach()] : (Attach) 1046 (PhidgetBridge 4-Input) v102 S/N:582396
2026-05-29T15:59:26.697  <Info> phidget22usb[PhidgetUSBScanDevices()] : New Phidget found in PhidgetUSBBuildList: 1/4
2026-05-29T15:59:26.702  <Info> phidget22[deviceAttach()] : (Attach) 1046 (PhidgetBridge 4-Input) v102 S/N:588795
2026-05-29T15:59:26.702  <Info> phidget22usb[getReportLengths()] : Using Control Endpoint for Host->Device communication.
2026-05-29T15:59:26.704  <Info> phidget22[HandleEventsThreadFunction()] : Failed to increase priority of USB Handle Events thread: 0x01 - Operation not permitted
2026-05-29T15:59:26.704  <Info> phidget22[PhidgetUSBReadThreadFunction()] : 1046 (PhidgetBridge 4-Input) v102 S/N:588716: USB read thread started: 0xe127ee80
2026-05-29T15:59:26.725  <Info> phidget22usb[getReportLengths()] : Using Control Endpoint for Host->Device communication.
2026-05-29T15:59:26.727  <Info> phidget22[PhidgetUSBReadThreadFunction()] : 1046 (PhidgetBridge 4-Input) v102 S/N:582396: USB read thread started: 0xbfffee80
2026-05-29T15:59:26.749  <Info> phidget22usb[getReportLengths()] : Using Control Endpoint for Host->Device communication.
2026-05-29T15:59:26.751  <Info> phidget22[PhidgetUSBReadThreadFunction()] : 1046 (PhidgetBridge 4-Input) v102 S/N:588795: USB read thread started: 0xbf3cee80
2026-05-29T15:59:47.475  <Info> phidget22 : 
	******************************  Logging Enabled  ******************************
	* Phidget22 - Version 1.22 - Built Sep 29 2025 12:39:17                       *
	* Release 1.22.20250714 - Linux (64-bit)                                      *
	*******************************************************************************
2026-05-29T15:59:47.476  <Info> phidget22usb[PhidgetUSBScanDevices()] : Initializing libusb
2026-05-29T15:59:47.483  <Info> phidget22usb[PhidgetUSBScanDevices()] : New Phidget found in PhidgetUSBBuildList: 1/6
2026-05-29T15:59:47.488  <Info> phidget22[deviceAttach()] : (Attach) 1046 (PhidgetBridge 4-Input) v102 S/N:588716
2026-05-29T15:59:47.488  <Info> phidget22usb[PhidgetUSBScanDevices()] : New Phidget found in PhidgetUSBBuildList: 1/5
2026-05-29T15:59:47.493  <Info> phidget22[deviceAttach()] : (Attach) 1046 (PhidgetBridge 4-Input) v102 S/N:582396
2026-05-29T15:59:47.493  <Info> phidget22usb[PhidgetUSBScanDevices()] : New Phidget found in PhidgetUSBBuildList: 1/4
2026-05-29T15:59:47.497  <Info> phidget22[deviceAttach()] : (Attach) 1046 (PhidgetBridge 4-Input) v102 S/N:588795
2026-05-29T15:59:47.497  <Info> phidget22usb[getReportLengths()] : Using Control Endpoint for Host->Device communication.
2026-05-29T15:59:47.499  <Info> phidget22[HandleEventsThreadFunction()] : Failed to increase priority of USB Handle Events thread: 0x01 - Operation not permitted
2026-05-29T15:59:47.499  <Info> phidget22[PhidgetUSBReadThreadFunction()] : 1046 (PhidgetBridge 4-Input) v102 S/N:588716: USB read thread started: 0x837dee80
2026-05-29T15:59:47.526  <Info> phidget22usb[getReportLengths()] : Using Control Endpoint for Host->Device communication.
2026-05-29T15:59:47.528  <Info> phidget22[PhidgetUSBReadThreadFunction()] : 1046 (PhidgetBridge 4-Input) v102 S/N:582396: USB read thread started: 0x8279ee80
2026-05-29T15:59:47.550  <Info> phidget22usb[getReportLengths()] : Using Control Endpoint for Host->Device communication.
2026-05-29T15:59:47.552  <Info> phidget22[PhidgetUSBReadThreadFunction()] : 1046 (PhidgetBridge 4-Input) v102 S/N:588795: USB read thread started: 0x8238ee80
2026-05-29T16:00:43.004  <Info> phidget22 : 
	******************************  Logging Enabled  ******************************
	* Phidget22 - Version 1.22 - Built Sep 29 2025 12:39:17                       *
	* Release 1.22.20250714 - Linux (64-bit)                                      *
	*******************************************************************************
2026-05-29T16:00:43.004  <Info> phidget22usb[PhidgetUSBScanDevices()] : Initializing libusb
2026-05-29T16:00:43.009  <Info> phidget22usb[PhidgetUSBScanDevices()] : New Phidget found in PhidgetUSBBuildList: 1/6
2026-05-29T16:00:43.014  <Info> phidget22[deviceAttach()] : (Attach) 1046 (PhidgetBridge 4-Input) v102 S/N:588716
2026-05-29T16:00:43.014  <Info> phidget22usb[PhidgetUSBScanDevices()] : New Phidget found in PhidgetUSBBuildList: 1/5
2026-05-29T16:00:43.019  <Info> phidget22[deviceAttach()] : (Attach) 1046 (PhidgetBridge 4-Input) v102 S/N:582396
2026-05-29T16:00:43.019  <Info> phidget22usb[PhidgetUSBScanDevices()] : New Phidget found in PhidgetUSBBuildList: 1/4
2026-05-29T16:00:43.024  <Info> phidget22[deviceAttach()] : (Attach) 1046 (PhidgetBridge 4-Input) v102 S/N:588795
2026-05-29T16:00:43.024  <Info> phidget22usb[getReportLengths()] : Using Control Endpoint for Host->Device communication.
2026-05-29T16:00:43.026  <Info> phidget22[HandleEventsThreadFunction()] : Failed to increase priority of USB Handle Events thread: 0x01 - Operation not permitted
2026-05-29T16:00:43.026  <Info> phidget22[PhidgetUSBReadThreadFunction()] : 1046 (PhidgetBridge 4-Input) v102 S/N:588716: USB read thread started: 0xf3beee80
2026-05-29T16:00:43.048  <Info> phidget22usb[getReportLengths()] : Using Control Endpoint for Host->Device communication.
2026-05-29T16:00:43.050  <Info> phidget22[PhidgetUSBReadThreadFunction()] : 1046 (PhidgetBridge 4-Input) v102 S/N:582396: USB read thread started: 0xf2fbee80
2026-05-29T16:00:43.072  <Info> phidget22usb[getReportLengths()] : Using Control Endpoint for Host->Device communication.
2026-05-29T16:00:43.074  <Info> phidget22[PhidgetUSBReadThreadFunction()] : 1046 (PhidgetBridge 4-Input) v102 S/N:588795: USB read thread started: 0xf2baee80
2026-05-29T16:01:09.595  <Info> phidget22 : 
	******************************  Logging Enabled  ******************************
	* Phidget22 - Version 1.22 - Built Sep 29 2025 12:39:17                       *
	* Release 1.22.20250714 - Linux (64-bit)                                      *
	*******************************************************************************
2026-05-29T16:01:09.595  <Info> phidget22usb[PhidgetUSBScanDevices()] : Initializing libusb
2026-05-29T16:01:09.602  <Info> phidget22usb[PhidgetUSBScanDevices()] : New Phidget found in PhidgetUSBBuildList: 1/6
2026-05-29T16:01:09.607  <Info> phidget22[deviceAttach()] : (Attach) 1046 (PhidgetBridge 4-Input) v102 S/N:588716
2026-05-29T16:01:09.607  <Info> phidget22usb[PhidgetUSBScanDevices()] : New Phidget found in PhidgetUSBBuildList: 1/5
2026-05-29T16:01:09.612  <Info> phidget22[deviceAttach()] : (Attach) 1046 (PhidgetBridge 4-Input) v102 S/N:582396
2026-05-29T16:01:09.612  <Info> phidget22usb[PhidgetUSBScanDevices()] : New Phidget found in PhidgetUSBBuildList: 1/4
2026-05-29T16:01:09.617  <Info> phidget22[deviceAttach()] : (Attach) 1046 (PhidgetBridge 4-Input) v102 S/N:588795
2026-05-29T16:01:09.617  <Info> phidget22usb[getReportLengths()] : Using Control Endpoint for Host->Device communication.
2026-05-29T16:01:09.619  <Info> phidget22[HandleEventsThreadFunction()] : Failed to increase priority of USB Handle Events thread: 0x01 - Operation not permitted
2026-05-29T16:01:09.619  <Info> phidget22[PhidgetUSBReadThreadFunction()] : 1046 (PhidgetBridge 4-Input) v102 S/N:588716: USB read thread started: 0xf73dee80
2026-05-29T16:01:09.642  <Info> phidget22usb[getReportLengths()] : Using Control Endpoint for Host->Device communication.
2026-05-29T16:01:09.644  <Info> phidget22[PhidgetUSBReadThreadFunction()] : 1046 (PhidgetBridge 4-Input) v102 S/N:582396: USB read thread started: 0xf639ee80
2026-05-29T16:01:09.666  <Info> phidget22usb[getReportLengths()] : Using Control Endpoint for Host->Device communication.
2026-05-29T16:01:09.668  <Info> phidget22[PhidgetUSBReadThreadFunction()] : 1046 (PhidgetBridge 4-Input) v102 S/N:588795: USB read thread started: 0xf5f8ee80
2026-05-29T16:01:52.993  <Info> phidget22 : 
	******************************  Logging Enabled  ******************************
	* Phidget22 - Version 1.22 - Built Sep 29 2025 12:39:17                       *
	* Release 1.22.20250714 - Linux (64-bit)                                      *
	*******************************************************************************
2026-05-29T16:01:52.993  <Info> phidget22usb[PhidgetUSBScanDevices()] : Initializing libusb
2026-05-29T16:01:52.998  <Info> phidget22usb[PhidgetUSBScanDevices()] : New Phidget found in PhidgetUSBBuildList: 1/6
2026-05-29T16:01:53.003  <Info> phidget22[deviceAttach()] : (Attach) 1046 (PhidgetBridge 4-Input) v102 S/N:588716
2026-05-29T16:01:53.003  <Info> phidget22usb[PhidgetUSBScanDevices()] : New Phidget found in PhidgetUSBBuildList: 1/5
2026-05-29T16:01:53.008  <Info> phidget22[deviceAttach()] : (Attach) 1046 (PhidgetBridge 4-Input) v102 S/N:582396
2026-05-29T16:01:53.008  <Info> phidget22usb[PhidgetUSBScanDevices()] : New Phidget found in PhidgetUSBBuildList: 1/4
2026-05-29T16:01:53.013  <Info> phidget22[deviceAttach()] : (Attach) 1046 (PhidgetBridge 4-Input) v102 S/N:588795
2026-05-29T16:01:53.013  <Info> phidget22usb[getReportLengths()] : Using Control Endpoint for Host->Device communication.
2026-05-29T16:01:53.015  <Info> phidget22[HandleEventsThreadFunction()] : Failed to increase priority of USB Handle Events thread: 0x01 - Operation not permitted
2026-05-29T16:01:53.015  <Info> phidget22[PhidgetUSBReadThreadFunction()] : 1046 (PhidgetBridge 4-Input) v102 S/N:588716: USB read thread started: 0xf23aee80
2026-05-29T16:01:53.036  <Info> phidget22usb[getReportLengths()] : Using Control Endpoint for Host->Device communication.
2026-05-29T16:01:53.038  <Info> phidget22[PhidgetUSBReadThreadFunction()] : 1046 (PhidgetBridge 4-Input) v102 S/N:582396: USB read thread started: 0xf136ee80
2026-05-29T16:01:53.060  <Info> phidget22usb[getReportLengths()] : Using Control Endpoint for Host->Device communication.
2026-05-29T16:01:53.062  <Info> phidget22[PhidgetUSBReadThreadFunction()] : 1046 (PhidgetBridge 4-Input) v102 S/N:588795: USB read thread started: 0xf0f5ee80
2026-05-29T16:03:50.661  <Info> phidget22 : 
	******************************  Logging Enabled  ******************************
	* Phidget22 - Version 1.22 - Built Sep 29 2025 12:39:17                       *
	* Release 1.22.20250714 - Linux (64-bit)                                      *
	*******************************************************************************
2026-05-29T16:03:50.661  <Info> phidget22usb[PhidgetUSBScanDevices()] : Initializing libusb
2026-05-29T16:03:50.666  <Info> phidget22usb[PhidgetUSBScanDevices()] : New Phidget found in PhidgetUSBBuildList: 1/6
2026-05-29T16:03:50.671  <Info> phidget22[deviceAttach()] : (Attach) 1046 (PhidgetBridge 4-Input) v102 S/N:588716
2026-05-29T16:03:50.671  <Info> phidget22usb[PhidgetUSBScanDevices()] : New Phidget found in PhidgetUSBBuildList: 1/5
2026-05-29T16:03:50.675  <Info> phidget22[deviceAttach()] : (Attach) 1046 (PhidgetBridge 4-Input) v102 S/N:582396
2026-05-29T16:03:50.676  <Info> phidget22usb[PhidgetUSBScanDevices()] : New Phidget found in PhidgetUSBBuildList: 1/4
2026-05-29T16:03:50.680  <Info> phidget22[deviceAttach()] : (Attach) 1046 (PhidgetBridge 4-Input) v102 S/N:588795
2026-05-29T16:03:50.680  <Info> phidget22usb[getReportLengths()] : Using Control Endpoint for Host->Device communication.
2026-05-29T16:03:50.682  <Info> phidget22[HandleEventsThreadFunction()] : Failed to increase priority of USB Handle Events thread: 0x01 - Operation not permitted
2026-05-29T16:03:50.682  <Info> phidget22[PhidgetUSBReadThreadFunction()] : 1046 (PhidgetBridge 4-Input) v102 S/N:588716: USB read thread started: 0x577dee80
2026-05-29T16:03:50.769  <Info> phidget22usb[getReportLengths()] : Using Control Endpoint for Host->Device communication.
2026-05-29T16:03:50.771  <Info> phidget22[PhidgetUSBReadThreadFunction()] : 1046 (PhidgetBridge 4-Input) v102 S/N:582396: USB read thread started: 0x56baee80
2026-05-29T16:03:50.793  <Info> phidget22usb[getReportLengths()] : Using Control Endpoint for Host->Device communication.
2026-05-29T16:03:50.795  <Info> phidget22[PhidgetUSBReadThreadFunction()] : 1046 (PhidgetBridge 4-Input) v102 S/N:588795: USB read thread started: 0x5679ee80
2026-05-29T16:03:59.922  <Info> phidget22 : 
	******************************  Logging Enabled  ******************************
	* Phidget22 - Version 1.22 - Built Sep 29 2025 12:39:17                       *
	* Release 1.22.20250714 - Linux (64-bit)                                      *
	*******************************************************************************
2026-05-29T16:03:59.922  <Info> phidget22usb[PhidgetUSBScanDevices()] : Initializing libusb
2026-05-29T16:03:59.928  <Info> phidget22usb[PhidgetUSBScanDevices()] : New Phidget found in PhidgetUSBBuildList: 1/6
2026-05-29T16:03:59.933  <Info> phidget22[deviceAttach()] : (Attach) 1046 (PhidgetBridge 4-Input) v102 S/N:588716
2026-05-29T16:03:59.933  <Info> phidget22usb[PhidgetUSBScanDevices()] : New Phidget found in PhidgetUSBBuildList: 1/5
2026-05-29T16:03:59.938  <Info> phidget22[deviceAttach()] : (Attach) 1046 (PhidgetBridge 4-Input) v102 S/N:582396
2026-05-29T16:03:59.938  <Info> phidget22usb[PhidgetUSBScanDevices()] : New Phidget found in PhidgetUSBBuildList: 1/4
2026-05-29T16:03:59.942  <Info> phidget22[deviceAttach()] : (Attach) 1046 (PhidgetBridge 4-Input) v102 S/N:588795
2026-05-29T16:03:59.942  <Info> phidget22usb[getReportLengths()] : Using Control Endpoint for Host->Device communication.
2026-05-29T16:03:59.944  <Info> phidget22[HandleEventsThreadFunction()] : Failed to increase priority of USB Handle Events thread: 0x01 - Operation not permitted
2026-05-29T16:03:59.944  <Info> phidget22[PhidgetUSBReadThreadFunction()] : 1046 (PhidgetBridge 4-Input) v102 S/N:588716: USB read thread started: 0x52bbee80
2026-05-29T16:03:59.969  <Info> phidget22usb[getReportLengths()] : Using Control Endpoint for Host->Device communication.
2026-05-29T16:03:59.971  <Info> phidget22[PhidgetUSBReadThreadFunction()] : 1046 (PhidgetBridge 4-Input) v102 S/N:582396: USB read thread started: 0x51f8ee80
2026-05-29T16:03:59.993  <Info> phidget22usb[getReportLengths()] : Using Control Endpoint for Host->Device communication.
2026-05-29T16:03:59.995  <Info> phidget22[PhidgetUSBReadThreadFunction()] : 1046 (PhidgetBridge 4-Input) v102 S/N:588795: USB read thread started: 0x5176ee80
2026-05-29T16:04:13.472  <Info> phidget22 : 
	******************************  Logging Enabled  ******************************
	* Phidget22 - Version 1.22 - Built Sep 29 2025 12:39:17                       *
	* Release 1.22.20250714 - Linux (64-bit)                                      *
	*******************************************************************************
2026-05-29T16:04:13.473  <Info> phidget22usb[PhidgetUSBScanDevices()] : Initializing libusb
2026-05-29T16:04:13.478  <Info> phidget22usb[PhidgetUSBScanDevices()] : New Phidget found in PhidgetUSBBuildList: 1/6
2026-05-29T16:04:13.483  <Info> phidget22[deviceAttach()] : (Attach) 1046 (PhidgetBridge 4-Input) v102 S/N:588716
2026-05-29T16:04:13.483  <Info> phidget22usb[PhidgetUSBScanDevices()] : New Phidget found in PhidgetUSBBuildList: 1/5
2026-05-29T16:04:13.488  <Info> phidget22[deviceAttach()] : (Attach) 1046 (PhidgetBridge 4-Input) v102 S/N:582396
2026-05-29T16:04:13.488  <Info> phidget22usb[PhidgetUSBScanDevices()] : New Phidget found in PhidgetUSBBuildList: 1/4
2026-05-29T16:04:13.493  <Info> phidget22[deviceAttach()] : (Attach) 1046 (PhidgetBridge 4-Input) v102 S/N:588795
2026-05-29T16:04:13.493  <Info> phidget22usb[getReportLengths()] : Using Control Endpoint for Host->Device communication.
2026-05-29T16:04:13.495  <Info> phidget22[HandleEventsThreadFunction()] : Failed to increase priority of USB Handle Events thread: 0x01 - Operation not permitted
2026-05-29T16:04:13.495  <Info> phidget22[PhidgetUSBReadThreadFunction()] : 1046 (PhidgetBridge 4-Input) v102 S/N:588716: USB read thread started: 0x8afcee80
2026-05-29T16:04:13.522  <Info> phidget22usb[getReportLengths()] : Using Control Endpoint for Host->Device communication.
2026-05-29T16:04:13.524  <Info> phidget22[PhidgetUSBReadThreadFunction()] : 1046 (PhidgetBridge 4-Input) v102 S/N:582396: USB read thread started: 0x89f8ee80
2026-05-29T16:04:13.554  <Info> phidget22usb[getReportLengths()] : Using Control Endpoint for Host->Device communication.
2026-05-29T16:04:13.556  <Info> phidget22[PhidgetUSBReadThreadFunction()] : 1046 (PhidgetBridge 4-Input) v102 S/N:588795: USB read thread started: 0x89b7ee80
2026-05-29T16:04:26.144  <Info> phidget22 : 
	******************************  Logging Enabled  ******************************
	* Phidget22 - Version 1.22 - Built Sep 29 2025 12:39:17                       *
	* Release 1.22.20250714 - Linux (64-bit)                                      *
	*******************************************************************************
2026-05-29T16:04:26.144  <Info> phidget22usb[PhidgetUSBScanDevices()] : Initializing libusb
2026-05-29T16:04:26.150  <Info> phidget22usb[PhidgetUSBScanDevices()] : New Phidget found in PhidgetUSBBuildList: 1/6
2026-05-29T16:04:26.154  <Info> phidget22[deviceAttach()] : (Attach) 1046 (PhidgetBridge 4-Input) v102 S/N:588716
2026-05-29T16:04:26.154  <Info> phidget22usb[PhidgetUSBScanDevices()] : New Phidget found in PhidgetUSBBuildList: 1/5
2026-05-29T16:04:26.159  <Info> phidget22[deviceAttach()] : (Attach) 1046 (PhidgetBridge 4-Input) v102 S/N:582396
2026-05-29T16:04:26.159  <Info> phidget22usb[PhidgetUSBScanDevices()] : New Phidget found in PhidgetUSBBuildList: 1/4
2026-05-29T16:04:26.164  <Info> phidget22[deviceAttach()] : (Attach) 1046 (PhidgetBridge 4-Input) v102 S/N:588795
2026-05-29T16:04:26.164  <Info> phidget22usb[getReportLengths()] : Using Control Endpoint for Host->Device communication.
2026-05-29T16:04:26.166  <Info> phidget22[HandleEventsThreadFunction()] : Failed to increase priority of USB Handle Events thread: 0x01 - Operation not permitted
2026-05-29T16:04:26.166  <Info> phidget22[PhidgetUSBReadThreadFunction()] : 1046 (PhidgetBridge 4-Input) v102 S/N:588716: USB read thread started: 0x80cfee80
2026-05-29T16:04:26.187  <Info> phidget22usb[getReportLengths()] : Using Control Endpoint for Host->Device communication.
2026-05-29T16:04:26.189  <Info> phidget22[PhidgetUSBReadThreadFunction()] : 1046 (PhidgetBridge 4-Input) v102 S/N:582396: USB read thread started: 0x5fffee80
2026-05-29T16:04:26.211  <Info> phidget22usb[getReportLengths()] : Using Control Endpoint for Host->Device communication.
2026-05-29T16:04:26.213  <Info> phidget22[PhidgetUSBReadThreadFunction()] : 1046 (PhidgetBridge 4-Input) v102 S/N:588795: USB read thread started: 0x5fbeee80
2026-05-29T16:12:59.440  <Info> phidget22 : 
	******************************  Logging Enabled  ******************************
	* Phidget22 - Version 1.22 - Built Sep 29 2025 12:39:17                       *
	* Release 1.22.20250714 - Linux (64-bit)                                      *
	*******************************************************************************
2026-05-29T16:12:59.440  <Info> phidget22usb[PhidgetUSBScanDevices()] : Initializing libusb
2026-05-29T16:12:59.446  <Info> phidget22usb[PhidgetUSBScanDevices()] : New Phidget found in PhidgetUSBBuildList: 1/6
2026-05-29T16:12:59.450  <Info> phidget22[deviceAttach()] : (Attach) 1046 (PhidgetBridge 4-Input) v102 S/N:588716
2026-05-29T16:12:59.451  <Info> phidget22usb[PhidgetUSBScanDevices()] : New Phidget found in PhidgetUSBBuildList: 1/5
2026-05-29T16:12:59.455  <Info> phidget22[deviceAttach()] : (Attach) 1046 (PhidgetBridge 4-Input) v102 S/N:582396
2026-05-29T16:12:59.455  <Info> phidget22usb[PhidgetUSBScanDevices()] : New Phidget found in PhidgetUSBBuildList: 1/4
2026-05-29T16:12:59.460  <Info> phidget22[deviceAttach()] : (Attach) 1046 (PhidgetBridge 4-Input) v102 S/N:588795
2026-05-29T16:12:59.460  <Info> phidget22usb[getReportLengths()] : Using Control Endpoint for Host->Device communication.
2026-05-29T16:12:59.462  <Info> phidget22[HandleEventsThreadFunction()] : Failed to increase priority of USB Handle Events thread: 0x01 - Operation not permitted
2026-05-29T16:12:59.462  <Info> phidget22[PhidgetUSBReadThreadFunction()] : 1046 (PhidgetBridge 4-Input) v102 S/N:588716: USB read thread started: 0x733dee80
2026-05-29T16:12:59.483  <Info> phidget22usb[getReportLengths()] : Using Control Endpoint for Host->Device communication.
2026-05-29T16:12:59.484  <Info> phidget22[PhidgetUSBReadThreadFunction()] : 1046 (PhidgetBridge 4-Input) v102 S/N:582396: USB read thread started: 0x7239ee80
2026-05-29T16:12:59.506  <Info> phidget22usb[getReportLengths()] : Using Control Endpoint for Host->Device communication.
2026-05-29T16:12:59.508  <Info> phidget22[PhidgetUSBReadThreadFunction()] : 1046 (PhidgetBridge 4-Input) v102 S/N:588795: USB read thread started: 0x71f8ee80
2026-05-29T16:13:07.120  <Info> phidget22 : 
	******************************  Logging Enabled  ******************************
	* Phidget22 - Version 1.22 - Built Sep 29 2025 12:39:17                       *
	* Release 1.22.20250714 - Linux (64-bit)                                      *
	*******************************************************************************
2026-05-29T16:13:07.120  <Info> phidget22usb[PhidgetUSBScanDevices()] : Initializing libusb
2026-05-29T16:13:07.126  <Info> phidget22usb[PhidgetUSBScanDevices()] : New Phidget found in PhidgetUSBBuildList: 1/6
2026-05-29T16:13:07.131  <Info> phidget22[deviceAttach()] : (Attach) 1046 (PhidgetBridge 4-Input) v102 S/N:588716
2026-05-29T16:13:07.131  <Info> phidget22usb[PhidgetUSBScanDevices()] : New Phidget found in PhidgetUSBBuildList: 1/5
2026-05-29T16:13:07.136  <Info> phidget22[deviceAttach()] : (Attach) 1046 (PhidgetBridge 4-Input) v102 S/N:582396
2026-05-29T16:13:07.136  <Info> phidget22usb[PhidgetUSBScanDevices()] : New Phidget found in PhidgetUSBBuildList: 1/4
2026-05-29T16:13:07.141  <Info> phidget22[deviceAttach()] : (Attach) 1046 (PhidgetBridge 4-Input) v102 S/N:588795
2026-05-29T16:13:07.141  <Info> phidget22usb[getReportLengths()] : Using Control Endpoint for Host->Device communication.
2026-05-29T16:13:07.142  <Info> phidget22[HandleEventsThreadFunction()] : Failed to increase priority of USB Handle Events thread: 0x01 - Operation not permitted
2026-05-29T16:13:07.143  <Info> phidget22[PhidgetUSBReadThreadFunction()] : 1046 (PhidgetBridge 4-Input) v102 S/N:588716: USB read thread started: 0x2efcee80
2026-05-29T16:13:07.163  <Info> phidget22usb[getReportLengths()] : Using Control Endpoint for Host->Device communication.
2026-05-29T16:13:07.165  <Info> phidget22[PhidgetUSBReadThreadFunction()] : 1046 (PhidgetBridge 4-Input) v102 S/N:582396: USB read thread started: 0x2df8ee80
2026-05-29T16:13:07.187  <Info> phidget22usb[getReportLengths()] : Using Control Endpoint for Host->Device communication.
2026-05-29T16:13:07.189  <Info> phidget22[PhidgetUSBReadThreadFunction()] : 1046 (PhidgetBridge 4-Input) v102 S/N:588795: USB read thread started: 0x2db7ee80
2026-05-29T16:13:26.095  <Info> phidget22 : 
	******************************  Logging Enabled  ******************************
	* Phidget22 - Version 1.22 - Built Sep 29 2025 12:39:17                       *
	* Release 1.22.20250714 - Linux (64-bit)                                      *
	*******************************************************************************
2026-05-29T16:13:26.096  <Info> phidget22usb[PhidgetUSBScanDevices()] : Initializing libusb
2026-05-29T16:13:26.101  <Info> phidget22usb[PhidgetUSBScanDevices()] : New Phidget found in PhidgetUSBBuildList: 1/6
2026-05-29T16:13:26.106  <Info> phidget22[deviceAttach()] : (Attach) 1046 (PhidgetBridge 4-Input) v102 S/N:588716
2026-05-29T16:13:26.106  <Info> phidget22usb[PhidgetUSBScanDevices()] : New Phidget found in PhidgetUSBBuildList: 1/5
2026-05-29T16:13:26.111  <Info> phidget22[deviceAttach()] : (Attach) 1046 (PhidgetBridge 4-Input) v102 S/N:582396
2026-05-29T16:13:26.111  <Info> phidget22usb[PhidgetUSBScanDevices()] : New Phidget found in PhidgetUSBBuildList: 1/4
2026-05-29T16:13:26.116  <Info> phidget22[deviceAttach()] : (Attach) 1046 (PhidgetBridge 4-Input) v102 S/N:588795
2026-05-29T16:13:26.116  <Info> phidget22usb[getReportLengths()] : Using Control Endpoint for Host->Device communication.
2026-05-29T16:13:26.118  <Info> phidget22[HandleEventsThreadFunction()] : Failed to increase priority of USB Handle Events thread: 0x01 - Operation not permitted
2026-05-29T16:13:26.118  <Info> phidget22[PhidgetUSBReadThreadFunction()] : 1046 (PhidgetBridge 4-Input) v102 S/N:588716: USB read thread started: 0xe23aee80
2026-05-29T16:13:26.140  <Info> phidget22usb[getReportLengths()] : Using Control Endpoint for Host->Device communication.
2026-05-29T16:13:26.142  <Info> phidget22[PhidgetUSBReadThreadFunction()] : 1046 (PhidgetBridge 4-Input) v102 S/N:582396: USB read thread started: 0xe177ee80
2026-05-29T16:13:26.164  <Info> phidget22usb[getReportLengths()] : Using Control Endpoint for Host->Device communication.
2026-05-29T16:13:26.166  <Info> phidget22[PhidgetUSBReadThreadFunction()] : 1046 (PhidgetBridge 4-Input) v102 S/N:588795: USB read thread started: 0xe136ee80
2026-05-29T16:14:25.623  <Info> phidget22 : 
	******************************  Logging Enabled  ******************************
	* Phidget22 - Version 1.22 - Built Sep 29 2025 12:39:17                       *
	* Release 1.22.20250714 - Linux (64-bit)                                      *
	*******************************************************************************
2026-05-29T16:14:25.624  <Info> phidget22usb[PhidgetUSBScanDevices()] : Initializing libusb
2026-05-29T16:14:25.630  <Info> phidget22usb[PhidgetUSBScanDevices()] : New Phidget found in PhidgetUSBBuildList: 1/6
2026-05-29T16:14:25.635  <Info> phidget22[deviceAttach()] : (Attach) 1046 (PhidgetBridge 4-Input) v102 S/N:588716
2026-05-29T16:14:25.635  <Info> phidget22usb[PhidgetUSBScanDevices()] : New Phidget found in PhidgetUSBBuildList: 1/5
2026-05-29T16:14:25.640  <Info> phidget22[deviceAttach()] : (Attach) 1046 (PhidgetBridge 4-Input) v102 S/N:582396
2026-05-29T16:14:25.640  <Info> phidget22usb[PhidgetUSBScanDevices()] : New Phidget found in PhidgetUSBBuildList: 1/4
2026-05-29T16:14:25.645  <Info> phidget22[deviceAttach()] : (Attach) 1046 (PhidgetBridge 4-Input) v102 S/N:588795
2026-05-29T16:14:25.645  <Info> phidget22usb[getReportLengths()] : Using Control Endpoint for Host->Device communication.
2026-05-29T16:14:25.647  <Info> phidget22[HandleEventsThreadFunction()] : Failed to increase priority of USB Handle Events thread: 0x01 - Operation not permitted
2026-05-29T16:14:25.647  <Info> phidget22[PhidgetUSBReadThreadFunction()] : 1046 (PhidgetBridge 4-Input) v102 S/N:588716: USB read thread started: 0xf3ffee80
2026-05-29T16:14:25.671  <Info> phidget22usb[getReportLengths()] : Using Control Endpoint for Host->Device communication.
2026-05-29T16:14:25.672  <Info> phidget22[PhidgetUSBReadThreadFunction()] : 1046 (PhidgetBridge 4-Input) v102 S/N:582396: USB read thread started: 0xf2fbee80
2026-05-29T16:14:25.694  <Info> phidget22usb[getReportLengths()] : Using Control Endpoint for Host->Device communication.
2026-05-29T16:14:25.696  <Info> phidget22[PhidgetUSBReadThreadFunction()] : 1046 (PhidgetBridge 4-Input) v102 S/N:588795: USB read thread started: 0xf2baee80
2026-05-29T16:18:04.445  <Info> phidget22[PhidgetUSBReadThreadFunction()] : 1046 (PhidgetBridge 4-Input) v102 S/N:588795: ReadThread exiting normally (signaled by Phidget_close)
2026-05-29T16:18:04.453  <Info> phidget22[PhidgetUSBReadThreadFunction()] : 1046 (PhidgetBridge 4-Input) v102 S/N:582396: ReadThread exiting normally (signaled by Phidget_close)
2026-05-29T16:18:04.461  <Info> phidget22[PhidgetUSBReadThreadFunction()] : 1046 (PhidgetBridge 4-Input) v102 S/N:588716: ReadThread exiting normally (signaled by Phidget_close)
2026-05-29T16:18:17.171  <Info> phidget22 : 
	******************************  Logging Enabled  ******************************
	* Phidget22 - Version 1.22 - Built Sep 29 2025 12:39:17                       *
	* Release 1.22.20250714 - Linux (64-bit)                                      *
	*******************************************************************************
2026-05-29T16:18:17.171  <Info> phidget22usb[PhidgetUSBScanDevices()] : Initializing libusb
2026-05-29T16:18:17.179  <Info> phidget22usb[PhidgetUSBScanDevices()] : New Phidget found in PhidgetUSBBuildList: 1/6
2026-05-29T16:18:17.183  <Info> phidget22[deviceAttach()] : (Attach) 1046 (PhidgetBridge 4-Input) v102 S/N:588716
2026-05-29T16:18:17.184  <Info> phidget22usb[PhidgetUSBScanDevices()] : New Phidget found in PhidgetUSBBuildList: 1/5
2026-05-29T16:18:17.188  <Info> phidget22[deviceAttach()] : (Attach) 1046 (PhidgetBridge 4-Input) v102 S/N:582396
2026-05-29T16:18:17.188  <Info> phidget22usb[PhidgetUSBScanDevices()] : New Phidget found in PhidgetUSBBuildList: 1/4
2026-05-29T16:18:17.193  <Info> phidget22[deviceAttach()] : (Attach) 1046 (PhidgetBridge 4-Input) v102 S/N:588795
2026-05-29T16:18:17.193  <Info> phidget22usb[getReportLengths()] : Using Control Endpoint for Host->Device communication.
2026-05-29T16:18:17.195  <Info> phidget22[HandleEventsThreadFunction()] : Failed to increase priority of USB Handle Events thread: 0x01 - Operation not permitted
2026-05-29T16:18:17.195  <Info> phidget22[PhidgetUSBReadThreadFunction()] : 1046 (PhidgetBridge 4-Input) v102 S/N:588716: USB read thread started: 0xd27bee80
2026-05-29T16:18:18.494  <Info> phidget22usb[getReportLengths()] : Using Control Endpoint for Host->Device communication.
2026-05-29T16:18:18.496  <Info> phidget22[PhidgetUSBReadThreadFunction()] : 1046 (PhidgetBridge 4-Input) v102 S/N:582396: USB read thread started: 0xd3ffee80
2026-05-29T16:18:19.807  <Info> phidget22usb[getReportLengths()] : Using Control Endpoint for Host->Device communication.
2026-05-29T16:18:19.809  <Info> phidget22[PhidgetUSBReadThreadFunction()] : 1046 (PhidgetBridge 4-Input) v102 S/N:588795: USB read thread started: 0xd177ee80
2026-05-29T16:18:30.919  <Info> phidget22 : 
	******************************  Logging Enabled  ******************************
	* Phidget22 - Version 1.22 - Built Sep 29 2025 12:39:17                       *
	* Release 1.22.20250714 - Linux (64-bit)                                      *
	*******************************************************************************
2026-05-29T16:18:30.920  <Info> phidget22usb[PhidgetUSBScanDevices()] : Initializing libusb
2026-05-29T16:18:30.925  <Info> phidget22usb[PhidgetUSBScanDevices()] : New Phidget found in PhidgetUSBBuildList: 1/6
2026-05-29T16:18:30.930  <Info> phidget22[deviceAttach()] : (Attach) 1046 (PhidgetBridge 4-Input) v102 S/N:588716
2026-05-29T16:18:30.930  <Info> phidget22usb[PhidgetUSBScanDevices()] : New Phidget found in PhidgetUSBBuildList: 1/5
2026-05-29T16:18:30.934  <Info> phidget22[deviceAttach()] : (Attach) 1046 (PhidgetBridge 4-Input) v102 S/N:582396
2026-05-29T16:18:30.934  <Info> phidget22usb[PhidgetUSBScanDevices()] : New Phidget found in PhidgetUSBBuildList: 1/4
2026-05-29T16:18:30.939  <Info> phidget22[deviceAttach()] : (Attach) 1046 (PhidgetBridge 4-Input) v102 S/N:588795
2026-05-29T16:18:30.939  <Info> phidget22usb[getReportLengths()] : Using Control Endpoint for Host->Device communication.
2026-05-29T16:18:30.941  <Info> phidget22[HandleEventsThreadFunction()] : Failed to increase priority of USB Handle Events thread: 0x01 - Operation not permitted
2026-05-29T16:18:30.941  <Info> phidget22[PhidgetUSBReadThreadFunction()] : 1046 (PhidgetBridge 4-Input) v102 S/N:588716: USB read thread started: 0x0bffee80
2026-05-29T16:18:30.962  <Info> phidget22usb[getReportLengths()] : Using Control Endpoint for Host->Device communication.
2026-05-29T16:18:30.964  <Info> phidget22[PhidgetUSBReadThreadFunction()] : 1046 (PhidgetBridge 4-Input) v102 S/N:582396: USB read thread started: 0x0afbee80
2026-05-29T16:18:30.986  <Info> phidget22usb[getReportLengths()] : Using Control Endpoint for Host->Device communication.
2026-05-29T16:18:30.988  <Info> phidget22[PhidgetUSBReadThreadFunction()] : 1046 (PhidgetBridge 4-Input) v102 S/N:588795: USB read thread started: 0x0abaee80
2026-05-29T16:18:39.742  <Info> phidget22 : 
	******************************  Logging Enabled  ******************************
	* Phidget22 - Version 1.22 - Built Sep 29 2025 12:39:17                       *
	* Release 1.22.20250714 - Linux (64-bit)                                      *
	*******************************************************************************
2026-05-29T16:18:39.742  <Info> phidget22usb[PhidgetUSBScanDevices()] : Initializing libusb
2026-05-29T16:18:39.747  <Info> phidget22usb[PhidgetUSBScanDevices()] : New Phidget found in PhidgetUSBBuildList: 1/6
2026-05-29T16:18:39.752  <Info> phidget22[deviceAttach()] : (Attach) 1046 (PhidgetBridge 4-Input) v102 S/N:588716
2026-05-29T16:18:39.752  <Info> phidget22usb[PhidgetUSBScanDevices()] : New Phidget found in PhidgetUSBBuildList: 1/5
2026-05-29T16:18:39.757  <Info> phidget22[deviceAttach()] : (Attach) 1046 (PhidgetBridge 4-Input) v102 S/N:582396
2026-05-29T16:18:39.757  <Info> phidget22usb[PhidgetUSBScanDevices()] : New Phidget found in PhidgetUSBBuildList: 1/4
2026-05-29T16:18:39.761  <Info> phidget22[deviceAttach()] : (Attach) 1046 (PhidgetBridge 4-Input) v102 S/N:588795
2026-05-29T16:18:39.762  <Info> phidget22usb[getReportLengths()] : Using Control Endpoint for Host->Device communication.
2026-05-29T16:18:39.764  <Info> phidget22[HandleEventsThreadFunction()] : Failed to increase priority of USB Handle Events thread: 0x01 - Operation not permitted
2026-05-29T16:18:39.764  <Info> phidget22[PhidgetUSBReadThreadFunction()] : 1046 (PhidgetBridge 4-Input) v102 S/N:588716: USB read thread started: 0xa33dee80
2026-05-29T16:18:39.794  <Info> phidget22usb[getReportLengths()] : Using Control Endpoint for Host->Device communication.
2026-05-29T16:18:39.796  <Info> phidget22[PhidgetUSBReadThreadFunction()] : 1046 (PhidgetBridge 4-Input) v102 S/N:582396: USB read thread started: 0xa239ee80
2026-05-29T16:18:39.818  <Info> phidget22usb[getReportLengths()] : Using Control Endpoint for Host->Device communication.
2026-05-29T16:18:39.820  <Info> phidget22[PhidgetUSBReadThreadFunction()] : 1046 (PhidgetBridge 4-Input) v102 S/N:588795: USB read thread started: 0xa1f8ee80
2026-05-29T16:18:54.087  <Info> phidget22 : 
	******************************  Logging Enabled  ******************************
	* Phidget22 - Version 1.22 - Built Sep 29 2025 12:39:17                       *
	* Release 1.22.20250714 - Linux (64-bit)                                      *
	*******************************************************************************
2026-05-29T16:18:54.088  <Info> phidget22usb[PhidgetUSBScanDevices()] : Initializing libusb
2026-05-29T16:18:54.094  <Info> phidget22usb[PhidgetUSBScanDevices()] : New Phidget found in PhidgetUSBBuildList: 1/6
2026-05-29T16:18:54.099  <Info> phidget22[deviceAttach()] : (Attach) 1046 (PhidgetBridge 4-Input) v102 S/N:588716
2026-05-29T16:18:54.099  <Info> phidget22usb[PhidgetUSBScanDevices()] : New Phidget found in PhidgetUSBBuildList: 1/5
2026-05-29T16:18:54.104  <Info> phidget22[deviceAttach()] : (Attach) 1046 (PhidgetBridge 4-Input) v102 S/N:582396
2026-05-29T16:18:54.104  <Info> phidget22usb[PhidgetUSBScanDevices()] : New Phidget found in PhidgetUSBBuildList: 1/4
2026-05-29T16:18:54.108  <Info> phidget22[deviceAttach()] : (Attach) 1046 (PhidgetBridge 4-Input) v102 S/N:588795
2026-05-29T16:18:54.108  <Info> phidget22usb[getReportLengths()] : Using Control Endpoint for Host->Device communication.
2026-05-29T16:18:54.110  <Info> phidget22[HandleEventsThreadFunction()] : Failed to increase priority of USB Handle Events thread: 0x01 - Operation not permitted
2026-05-29T16:18:54.110  <Info> phidget22[PhidgetUSBReadThreadFunction()] : 1046 (PhidgetBridge 4-Input) v102 S/N:588716: USB read thread started: 0x6fbeee80
2026-05-29T16:18:54.131  <Info> phidget22usb[getReportLengths()] : Using Control Endpoint for Host->Device communication.
2026-05-29T16:18:54.133  <Info> phidget22[PhidgetUSBReadThreadFunction()] : 1046 (PhidgetBridge 4-Input) v102 S/N:582396: USB read thread started: 0x6e79ee80
2026-05-29T16:18:54.156  <Info> phidget22usb[getReportLengths()] : Using Control Endpoint for Host->Device communication.
2026-05-29T16:18:54.158  <Info> phidget22[PhidgetUSBReadThreadFunction()] : 1046 (PhidgetBridge 4-Input) v102 S/N:588795: USB read thread started: 0x6e38ee80
2026-05-29T16:19:03.108  <Info> phidget22 : 
	******************************  Logging Enabled  ******************************
	* Phidget22 - Version 1.22 - Built Sep 29 2025 12:39:17                       *
	* Release 1.22.20250714 - Linux (64-bit)                                      *
	*******************************************************************************
2026-05-29T16:19:03.109  <Info> phidget22usb[PhidgetUSBScanDevices()] : Initializing libusb
2026-05-29T16:19:03.114  <Info> phidget22usb[PhidgetUSBScanDevices()] : New Phidget found in PhidgetUSBBuildList: 1/6
2026-05-29T16:19:03.119  <Info> phidget22[deviceAttach()] : (Attach) 1046 (PhidgetBridge 4-Input) v102 S/N:588716
2026-05-29T16:19:03.119  <Info> phidget22usb[PhidgetUSBScanDevices()] : New Phidget found in PhidgetUSBBuildList: 1/5
2026-05-29T16:19:03.124  <Info> phidget22[deviceAttach()] : (Attach) 1046 (PhidgetBridge 4-Input) v102 S/N:582396
2026-05-29T16:19:03.124  <Info> phidget22usb[PhidgetUSBScanDevices()] : New Phidget found in PhidgetUSBBuildList: 1/4
2026-05-29T16:19:03.129  <Info> phidget22[deviceAttach()] : (Attach) 1046 (PhidgetBridge 4-Input) v102 S/N:588795
2026-05-29T16:19:03.129  <Info> phidget22usb[getReportLengths()] : Using Control Endpoint for Host->Device communication.
2026-05-29T16:19:03.131  <Info> phidget22[HandleEventsThreadFunction()] : Failed to increase priority of USB Handle Events thread: 0x01 - Operation not permitted
2026-05-29T16:19:03.131  <Info> phidget22[PhidgetUSBReadThreadFunction()] : 1046 (PhidgetBridge 4-Input) v102 S/N:588716: USB read thread started: 0x9922ee80
2026-05-29T16:19:03.155  <Info> phidget22usb[getReportLengths()] : Using Control Endpoint for Host->Device communication.
2026-05-29T16:19:03.157  <Info> phidget22[PhidgetUSBReadThreadFunction()] : 1046 (PhidgetBridge 4-Input) v102 S/N:582396: USB read thread started: 0x77ffee80
2026-05-29T16:19:03.179  <Info> phidget22usb[getReportLengths()] : Using Control Endpoint for Host->Device communication.
2026-05-29T16:19:03.181  <Info> phidget22[PhidgetUSBReadThreadFunction()] : 1046 (PhidgetBridge 4-Input) v102 S/N:588795: USB read thread started: 0x77beee80
